EcopathName,CameoName,Region,CombinedEcopathName,TrophicLevel,LengthAtMat,Juvenile sprat,Sprat,BALT,Sprat,3,11.5,InJuvenile herring,Atlantic herring,BALT,Herring,3.2,16.7,InJuvenile cod,Atlantic cod,BALT,Cod,4.4,63.4,OutAdult sprat,Sprat,BALT,Sprat,3,11.5,InAdult herring,Atlantic herring,BALT,Herring,3.2,16.7,InAdult cod,Atlantic cod,BALT,Cod,4.4,63.4,OutAdult herring (4+),Atlantic herring,BS,Herring,3.2,16.7,InJuvenile herring (1-3),Atlantic herring,BS,Herring,3.2,16.7,InAdult capelin (2+),Capelin,BS,Capelin,3.2,13.5,InJuvenile capelin (1),Capelin,BS,Capelin,3.2,13.5,InRedfishes,Golden redfish,BS,,4,38.2,Redfishes,Beaked redfish,BS,,3.7,43.1,Adult haddock (4+),Haddock,BS,Haddock,4.1,34.9,OutJuvenile haddock (1-3),Haddock,BS,Haddock,4.1,34.9,OutAdult cod (4+),Atlantic cod,BS,Cod,4.4,63.4,OutJuvenile cod (1-3),Atlantic cod,BS,Cod,4.4,63.4,OutAdult saithe,Pollock,BS,Saithe,4.4,39.1,OutJuvenile saithe,Pollock,BS,Saithe,4.4,39.1,OutBenthic piscivores,Greenland halibut,BS,,4.5,62.5,OutPrawns & shrimps,Pandalid shrimps (NS),BS,,,,Cod <1,Atlantic cod,WSS,Cod,4.4,63.4,OutCod 1-3,Atlantic cod,WSS,Cod,4.4,63.4,OutCod 4-6,Atlantic cod,WSS,Cod,4.4,63.4,OutCod 7+,Atlantic cod,WSS,Cod,4.4,63.4,OutS Hake <25,Silver hake,WSS,Silver.Hake,4.3,23.2,InS Hake 25-31,Silver hake,WSS,Silver.Hake,4.3,23.2,InS Hake 31+,Silver hake,WSS,Silver.Hake,4.3,23.2,InHaddock <3,Haddock,WSS,,4.1,34.9,OutHaddock 3+,Haddock,WSS,,4.1,34.9,OutSkates <49,Skates (NS),WSS,Skates,,,Skates <49,Barndoor skate,WSS,Skates,,,Skates 49+,Skates(NS),WSS,Skates,,,Skates 49+,Barndoor skate,WSS,Skates,,,OutDogfish,Spiny dogfish,WSS,,4.3,81.4,OutOther pelagic,Atlantic argentine,WSS,,,,InOther pelagic,Shad,WSS,,,,Other pelagic,Alewife,WSS,,,,Other pelagic,Northern sand lance,WSS,,,,Other pelagic,Atlantic butterfish,WSS,,,,Redfish <22,Atlantic redfishes (NS),WSS,Redfish,,,Redfish 22+,Atlantic redfishes (NS),WSS,Redfish,,,Pollock <49,Pollock,WSS,,4.4,39.1,OutPollock 49+,Pollock,WSS,,4.4,39.1,OutMackerel,Atlantic mackerel,WSS,,3.7,28.6,D piscivores <40,White hake,WSS,D.Piscivores,,,D piscivores <40,Cusk,WSS,D.Piscivores,,,D piscivores <40,Goosefish,WSS,D.Piscivores,,,D piscivores 40+,White hake,WSS,D.Piscivores,,,D piscivores 40+,Cusk,WSS,D.Piscivores,,,D piscivores 40+,Goosefish,WSS,D.Piscivores,,,L benthivores <40,Red hake,WSS,L.Benthivores,,,L benthivores <40,Ocean pout,WSS,L.Benthivores,,,L benthivores <40,Wolffishes (NS),WSS,L.Benthivores,,,L benthivores <40,Lumpfish,WSS,L.Benthivores,,,L benthivores 40+,Red hake,WSS,L.Benthivores,,,L benthivores 40+,Ocean pout,WSS,L.Benthivores,,,L benthivores 40+,Wolffishes (NS),WSS,L.Benthivores,,,L benthivores 40+,Lumpfish,WSS,L.Benthivores,,,L sculpin <25,Sculpin,WSS,L.Sculpin,3.5,,L sculpin 25+,Sculpin,WSS,L.Sculpin,4.5,,Squids,Squids (NS),WSS,,,,Scallop,Sea scallop,WSS,,,,Halibut <46,Atlantic halibut,WSS,Halibut,,,Halibut <46,Greenland halibut,WSS,Halibut,,,Halibut 46-81,Atlantic halibut,WSS,Halibut,,,Halibut 46-81,Greenland halibut,WSS,Halibut,,,Halibut 82+,Atlantic halibut,WSS,Halibut,,,Halibut 82+,Greenland halibut,WSS,Halibut,,,A plaice <26,American plaice,WSS,A.Plaice,,,A plaice 26+,American plaice,WSS,A.Plaice,,,Flounders <30,Windowpane,WSS,Flounders,,,Flounders <30,Winter flounder,WSS,Flounders,,,Flounders <30,Witch flounder,WSS,Flounders,,,Flounders <30,Yellowtail flounder,WSS,Flounders,,,Flounders <30,Fourspot flounder,WSS,Flounders,,,Flounders 30+,Windowpane,WSS,Flounders,,,Flounders 30+,Winter flounder,WSS,Flounders,,,Flounders 30+,Witch flounder,WSS,Flounders,,,Flounders 30+,Yellowtail flounder,WSS,Flounders,,,Flounders 30+,Fourspot flounder,WSS,Flounders,,,Herring <4,Atlantic herring,WSS,Herring,,,Herring 4+,Atlantic herring,WSS,Herring,,,Seals,Grey seal,WSS,,,,Lobster,American lobster,WSS,,,,Large crabs,Jonah crab,WSS,,,,Large crabs,Rock crab,WSS,,,,Large crabs,Deepsea red crab,WSS,,,,Large crabs,Snow crab,WSS,,,,Large crabs,Stone crab,WSS,,,,W. Pollock_Juv,Walleye pollock,GoA,Pollock,3.5,36.9,W. Pollock,Walleye pollock,GoA,Pollock,3.5,36.9,P. Cod_Juv,Pacific cod,GoA,Cod,4,67,OutP. Cod,Pacific cod,GoA,Cod,4,67,OutHerring_Juv,Pacific herring,GoA,Herring,3.2,21.4,InHerring,Pacific herring,GoA,Herring,3.2,21.4,InArrowtooth_Juv,Arrowtooth flounder,GoA,Arrowtooth,4.3,37.9,OutArrowtooth,Arrowtooth flounder,GoA,Arrowtooth,4.3,37.9,OutP. Halibut_Juv,Pacific halibut,GoA,Halibut,4.1,,OutP. Halibut,Pacific halibut,GoA,Halibut,4.1,,OutFH. Sole_Juv,Flathead sole,GoA,Flathead,3.6,,OutFH. Sole,Flathead sole,GoA,Flathead,3.6,,OutDover Sole,Dover sole,GoA,,3.3,,InRex Sole,Rex sole,GoA,,3.2,,InSablefish_Juv,Sablefish,GoA,Sablefish.comb,3.8,60.5,OutSablefish,Sablefish,GoA,Sablefish.comb,3.8,60.5,OutPOP_Juv,Pacific ocean perch,GoA,Perch,3.5,33.1,OutPOP,Pacific ocean perch,GoA,Perch,3.5,33.1,OutNorthern Rock,Northern rockfish,GoA,,3.6,,OutDusky Rock,Dusky rockfish,GoA,,3.6,29,OutRougheye Rock,Rougheye rockfish,GoA,,3.7,47,OutSalmon returning,Pacific salmon,GoA,Salmon,,,OutSalmon outgoing,Pacific salmon,GoA,Salmon,,,OutAK Plaice,Alaska plaice,GoA,,,,Atka mackerel,Atka mackerel,GoA,Mackerel,,,Atka mackerel_Juv,Atka mackerel,GoA,Mackerel,,,Big skate,Big skate,GoA,,,,Capelin,Capelin,GoA,,,,Eelpouts,Eelpouts (NS),GoA,,,,Eulachon,Eulachon,GoA,,,,Greenlings,Greenlings (NS),GoA,,,,Grenadiers,Grenadiers (NS),GoA,,,,Lg. Sculpins,Large sculpins (NS),GoA,,,,Longnose skate,Longnose skate,GoA,,,,N. Rock sole,Northern rock sole,GoA,,,,Octopi ,Octopi (NS),GoA,,,,Sandlance,Pacific sand lance,GoA,,,,Pandalidae,Pandalid shrimps (NS),GoA,,,,Salmon shark,Salmon shark,GoA,,,,Other sculpins,Sculpins other (NS),GoA,,,,Other Sebastes,Sebastes other (NS),GoA,,,,Sharpchin Rock,Sharpchin rockfish,GoA,,,,Shortraker Rock,Shortraker rockfish,GoA,,,,Other skates,Skates (NS),GoA,,,,Sleeper shark,Sleeper shark,GoA,,,,S. Rock sole,Southern rock sole,GoA,,,,Dogfish,Spiny dogfish,GoA,,,,YF. Sole,Yellowfin sole,GoA,,,,Shortspine Thorns_Juv,Shortspine thornyhead,GoA,Shortspine,,,Shortspine Thorns,Shortspine thornyhead,GoA,Shortspine,,,Ratfish,Spotted ratfish,HS,,3.7,,OutDogfish,Spiny dogfish,HS,,4.3,,OutJuvenile pollock,Walleye pollock,HS,Pollock.comb,3.5,36.9,Pollock,Walleye pollock,HS,Pollock.comb,3.5,36.9,Juvenile herring,Pacific herring,HS,Herring,3.2,21.4,InAdult herring,Pacific herring,HS,Herring,3.2,21.4,InInshore rockfish,Quillback rockfish,HS,,3.8,31,OutJuvenile picivorous rockfish,Silvergray rockfish,HS,Pisc.rockfish,3.8,46,OutAdult picivorous rockfish,Silvergray rockfish,HS,Pisc.rockfish,3.8,46,OutJuvenile planktivorous rockfish,Yellowtail rockfish,HS,Plank.rockfish,4.1,36,OutJuvenile planktivorous rockfish,Bocaccio,HS,Plank.rockfish,3.5,48,OutAdult planktivorous rockfish,Yellowtail rockfish,HS,Plank.rockfish,4.1,36,OutAdult planktivorous rockfish,Bocaccio,HS,Plank.rockfish,3.5,48,OutJuvenile turbot,Arrowtooth flounder,HS,Turbot,4.3,37.9,OutAdult turbot,Arrowtooth flounder,HS,Turbot,4.3,37.9,OutJuvenile flatfish,English sole,HS,Flatfish,3.4,,InJuvenile flatfish,Dover sole,HS,Flatfish,3.3,,InJuvenile flatfish,Butter sole,HS,Flatfish,3.6,21,InJuvenile flatfish,Petrale sole,HS,Flatfish,4.1,44,OutJuvenile flatfish,Rex sole,HS,Flatfish,3.2,,InJuvenile flatfish,Slender sole,HS,Flatfish,3.4,,InJuvenile flatfish,Flathead sole,HS,Flatfish,3.6,,Juvenile flatfish,Pacific sanddab,HS,Flatfish,3.5,,Juvenile flatfish,Southern rock sole,HS,Flatfish,3.2,34.7,InJuvenile flatfish,Curlfin sole,HS,Flatfish,3.9,,InJuvenile flatfish,Sand sole,HS,Flatfish,4.1,,InAdult flatfish,English sole,HS,Flatfish,3.4,,InAdult flatfish,Dover sole,HS,Flatfish,3.3,,InAdult flatfish,Butter sole,HS,Flatfish,3.6,21,InAdult flatfish,Petrale sole,HS,Flatfish,4.1,44,OutAdult flatfish,Rex sole,HS,Flatfish,3.2,,InAdult flatfish,Slender sole,HS,Flatfish,3.4,,InAdult flatfish,Flathead sole,HS,Flatfish,3.6,,Adult flatfish,Pacific sanddab,HS,Flatfish,3.5,,Adult flatfish,Southern rock sole,HS,Flatfish,3.2,34.7,InAdult flatfish,Curlfin sole,HS,Flatfish,3.9,,InAdult flatfish,Sand sole,HS,Flatfish,4.1,,InJuvenile halibut,Pacific halibut,HS,Halibut,4.1,,OutAdult halibut,Pacific halibut,HS,Halibut,4.1,,OutJuvenile Pacific cod,Pacific cod,HS,Cod,4,67,OutAdult Pacific cod,Pacific cod,HS,Cod,4,67,OutJuvenile sablefish,Sablefish,HS,Sablefish,3.8,60.5,OutAdult sablefish,Sablefish,HS,Sablefish,3.8,60.5,OutJuvenile lingcod,Lingcod,HS,Lingcod,4.3,,OutAdult lingcod,Lingcod,HS,Lingcod,4.3,,OutSkates,Skates (NS),HS,,,,Out"Seals, sea lions",Harbour seal,HS,,,,"Seals, sea lions",Steller sea lions,HS,,,,Eulachon,Eulachon,HS,,,,Odontocetae,Resident killers,HS,,,,Grey seals,Grey seal,sGoSL,,,,Cod > 35 cm,Atlantic cod,sGoSL,Cod,4.4,63.4,OutCod <= 35 cm,Atlantic cod,sGoSL,Cod,4.4,63.4,OutGreenland halibut,Greenland halibut,sGoSL,,4.5,62.5,OutAmerican plaice <= 35 cm,American plaice,sGoSL,A.Plaice,,,American plaice > 35 cm,American plaice,sGoSL,A.Plaice,3.7,35,Flounders,Windowpane,sGoSL,,3.6,21.9,InFlounders,Winter flounder,sGoSL,,2.8,27.4,InFlounders,Witch flounder,sGoSL,,3.1,30.4,InFlounders,Yellowtail flounder,sGoSL,,3.2,29.8,InRedfish,Atlantic redfishes (NS),sGoSL,,,,Skates,Smooth skate,sGoSL,,,,Skates,Thorny skate,sGoSL,,,,Skates,Winter skate,sGoSL,,,,Large demersal feeders,Haddock,sGoSL,,4.1,34.9,OutLarge demersal feeders,White hake,sGoSL,,4.2,46,Large demersal feeders,Atlantic wolffish,sGoSL,,3.2,55,Large demersal feeders,Atlantic halibut,sGoSL,,4.5,122,OutLarge demersal feeders,Eelpouts (NS),sGoSL,,,,Large demersal feeders,Marlin-spike grenadier,sGoSL,,,,Large demersal feeders,Longfin hake,sGoSL,,,,Small demersal feeders,Cunner,sGoSL,,4.1,34.9,OutSmall demersal feeders,Longhorn sculpin,sGoSL,,4.2,46,Small demersal feeders,Shorthorn sculpin,sGoSL,,3.2,55,Small demersal feeders,Sea raven,sGoSL,,4.5,122,OutSmall demersal feeders,Perciformes,sGoSL,,,,Small demersal feeders,Scorpaeniformes,sGoSL,,,,Capelin,Capelin,sGoSL,,3.2,13.5,InLarge pelagic feeders,Spiny dogfish,sGoSL,,4.3,,OutPiscivorous small pelagics,Shortfin squid,sGoSL,,,,Planktivorous small pelagics,Alewife,sGoSL,,,,Planktivorous small pelagics,Rainbow smelt,sGoSL,,,,Planktivorous small pelagics,Atlantic herring,sGoSL,,3.2,16.7,InShrimp,Shrimps (NS),sGoSL,,,,Large crustacea,Snow crab,sGoSL,,,,OutLarge crustacea,Toad crabs (NS),sGoSL,,,,OutLarge crustacea,Rock crab,sGoSL,,,,Out"Juvenile Cod(0-2, 0-40cm)",Atlantic cod,NORT,Cod,4.4,63.4,OutCod (adult),Atlantic cod,NORT,Cod,4.4,63.4,Out"Juvenile Whiting (0-1, 0-20cm)",Whiting,NORT,Whiting,4.4,,OutWhiting (adult),Whiting,NORT,Whiting,4.4,,Out"Juvenile Haddock (0-1, 0-20cm)",Haddock,NORT,Haddock,4.1,34.9,OutHaddock (adult),Haddock,NORT,Haddock,4.1,34.9,Out"Juvenile Saithe (0-3, 0-40cm)",Pollock,NORT,Saithe,4.4,39.1,OutSaithe (adult),Pollock,NORT,Saithe,4.4,39.1,OutNorway pout,Norway pout,NORT,,3.2,,"Herring (juvenile 0, 1)",Atlantic herring,NORT,Herring,3.2,16.7,InHerring (adult),Atlantic herring,NORT,Herring,3.2,16.7,InSandeels,Lesser sandeel,NORT,,3.1,,InPlaice,European plaice,NORT,,3.3,30.8,Sole,Common sole,NORT,,3.1,30.3,InAdult Cod,Atlantic cod,ESS,Cod,4.4,63.4,OutJuvenile Cod,Atlantic cod,ESS,Cod,4.4,63.4,OutSilver hake,Silver hake,ESS,Silver.Hake,4.3,23.2,InJuv Silver Hake,Silver hake,ESS,Silver.Hake,4.3,23.2,InHaddock,Haddock,ESS,,4.1,34.9,OutSkates,Barndoor skate,ESS,,,,Skates,Skates (NS),ESS,,,,OutDogfish,Spiny dogfish,ESS,,4.3,81.4,OutRedfish,Atlantic redfishes (NS),ESS,,,,Pollock,Pollock,ESS,,4.4,39.1,OutDem. Piscivores,Goosefish,ESS,Dem.Piscivores,,46.5,OutDem. Piscivores,Cusk,ESS,Dem.Piscivores,,26,InDem. Piscivores,White hake,ESS,Dem.Piscivores,,46,Juv. Dem.Pisc.,Goosefish,ESS,Dem.Piscivores,,46.5,OutJuv. Dem.Pisc.,Cusk,ESS,Dem.Piscivores,,26,InJuv. Dem.Pisc.,White hake,ESS,Dem.Piscivores,,46,Large Demersals,Wolffishes (NS),ESS,Dem.Feeders,,55,Large Demersals,Red hake,ESS,Dem.Feeders,,,Large Demersals,Lumpfish,ESS,Dem.Feeders,,,Large Demersals,Ocean pout,ESS,Dem.Feeders,,,Juv LDFs,Wolffishes (NS),ESS,Dem.Feeders,,,Juv LDFs,Red hake,ESS,Dem.Feeders,,,Juv LDFs,Lumpfish,ESS,Dem.Feeders,,,Juv LDFs,Ocean pout,ESS,Dem.Feeders,,,Small Demersals,Scupin,ESS,,3.5,,Squid,Squids (NS),ESS,,,,Bivalve Mollusc,Sea scallop,ESS,,,,OutHalibut > 65 cm,Atlantic halibut,ESS,Halibut,,,OutHalibut > 65 cm,Greenland halibut,ESS,Halibut,,,OutJuv Halibut,Atlantic halibut,ESS,Halibut,,,OutJuv Halibut,Greenland halibut,ESS,Halibut,,,OutAmerican plaice,American plaice,ESS,,3.7,35,Small Pelagics,Shad,ESS,,,,Small Pelagics,Alewife,ESS,,,,Small Pelagics,Atlantic butterfish,ESS,,,,Small Pelagics,Atlantic argentine,ESS,,3.3,,InSmall Crabs,Jonah crab,ESS,Crabs,,,OutSmall Crabs,Rock crab,ESS,Crabs,,,OutSmall Crabs,Snow crab,ESS,Crabs,,,OutLarge Crabs,Jonah crab,ESS,Crabs,,,OutLarge Crabs,Rock crab,ESS,Crabs,,,OutLarge Crabs,Snow crab,ESS,Crabs,,,OutEchinoderms,Sea urchin,ESS,,,,OutFlounders,Winter flounder,ESS,,,,InFlounders,Witch flounder,ESS,,,,InFlounders,Yellowtail flounder,ESS,,,,Flounders,Windowpane,ESS,,,,Grey Seals,Grey seal,ESS,,,,Demersal benthivores,American plaice,GoM,,,,Demersal benthivores,Atlantic redfishes (NS),GoM,,,,Demersal benthivores,Atlantic wolffish,GoM,,,,Demersal benthivores,Fourspot flounder,GoM,,,,Demersal benthivores,Haddock,GoM,,,,Demersal benthivores,Ocean pout,GoM,,,,Demersal benthivores,Red hake,GoM,,,,Demersal benthivores,Scup,GoM,,,,Demersal benthivores,Windowpane,GoM,,,,Demersal benthivores,Winter flounder,GoM,,,,Demersal benthivores,Witch flounder,GoM,,,,Demersal benthivores,Yellowtail flounder,GoM,,,,Small pelagics- commercial,Atlantic butterfish,GoM,,,,Small pelagics- commercial,Atlantic herring,GoM,,,,Small pelagics- commercial,Atlantic mackerel,GoM,,,,Demersals piscivores,Atlantic cod,GoM,,,,Demersals piscivores,Atlantic halibut,GoM,,,,Demersals piscivores,Goosefish,GoM,,,,Demersals piscivores,Pollock,GoM,,,,Demersals piscivores,Silver hake,GoM,,,,Demersals piscivores,Spiny dogfish,GoM,,,,Demersals piscivores,Summer flounder,GoM,,,,Demersals piscivores,White hake,GoM,,,,Squids,Longfin squid,GoM,,,,Squids,Shortfin squid,GoM,,,,Small pelagics- other,Northern sand lance,GoM,,,,Demersals omnivores,Skates (NS),GoM,,,,Demersal benthivores,American plaice,GB,,,,Demersal benthivores,Atlantic redfishes (NS),GB,,,,Demersal benthivores,Atlantic wolffish,GB,,,,Demersal benthivores,Fourspot flounder,GB,,,,Demersal benthivores,Haddock,GB,,,,Demersal benthivores,Ocean pout,GB,,,,Demersal benthivores,Red hake,GB,,,,Demersal benthivores,Scup,GB,,,,Demersal benthivores,Windowpane,GB,,,,Demersal benthivores,Winter flounder,GB,,,,Demersal benthivores,Witch flounder,GB,,,,Demersal benthivores,Yellowtail flounder,GB,,,,Small pelagics- commercial,Atlantic butterfish,GB,,,,Small pelagics- commercial,Atlantic herring,GB,,,,Small pelagics- commercial,Atlantic mackerel,GB,,,,Demersals piscivores,Atlantic cod,GB,,,,Demersals piscivores,Atlantic halibut,GB,,,,Demersals piscivores,Goosefish,GB,,,,Demersals piscivores,Pollock,GB,,,,Demersals piscivores,Silver hake,GB,,,,Demersals piscivores,Spiny dogfish,GB,,,,Demersals piscivores,Summer flounder,GB,,,,Demersals piscivores,White hake,GB,,,,Demersals piscivores,Smooth dogfish,GB,,,,Squids,Longfin squid,GB,,,,Squids,Shortfin squid,GB,,,,Small pelagics- other,Northern sand lance,GB,,,,Demersals omnivores,Skates (NS),GB,,,,W. Pollock_Juv,Walleye pollock,EBS,Pollock,,,W. Pollock,Walleye pollock,EBS,Pollock,,,P. Cod_Juv,Pacific cod,EBS,Cod,,,P. Cod,Pacific cod,EBS,Cod,,,Herring_Juv,Pacific herring,EBS,all.herring,,,Herring,Pacific herring,EBS,all.herring,,,Arrowtooth_Juv,Arrowtooth flounder,EBS,Arrowtooth,,,Arrowtooth,Arrowtooth flounder,EBS,Arrowtooth,,,P. Halibut_Juv,Pacific halibut,EBS,Halibut,,,P. Halibut,Pacific halibut,EBS,Halibut,,,FH. Sole_Juv,Flathead sole,EBS,Flathead,,,FH. Sole,Flathead sole,EBS,Flathead,,,Dover Sole,Dover sole,EBS,,,,Rex Sole,Rex sole,EBS,,,,Sablefish_Juv,Sablefish,EBS,all.sablefish,,,Sablefish,Sablefish,EBS,all.sablefish,,,POP,Pacific ocean perch,EBS,,,,Northern Rock,Northern rockfish,EBS,,,,Dusky Rock,Dusky rockfish,EBS,,,,Rougheye Rock,Rougheye rockfish,EBS,,,,Salmon returning,Pacific salmon,EBS,Salmon,,,Salmon outgoing,Pacific salmon,EBS,Salmon,,,AK Plaice,Alaska plaice,EBS,,,,Atka mackerel,Atka mackerel,EBS,Mackerel,,,Atka mackerel_Juv,Atka mackerel,EBS,Mackerel,,,Alaska skate,Alaska skate,EBS,,,,Capelin,Capelin,EBS,,,,Eelpouts,Eelpouts (NS),EBS,,,,Eulachon,Eulachon,EBS,,,,Greenlings,Greenlings (NS),EBS,,,,Lg. Sculpins,Large sculpins (NS),EBS,,,,N. Rock sole_Juv,Northern rock sole,EBS,Rock.sole,,,N. Rock sole,Northern rock sole,EBS,Rock.sole,,,Octopi ,Octopi (NS),EBS,,,,Sandlance,Pacific sand lance,EBS,,,,Pandalidae,Pandalid shrimps (NS),EBS,,,,Other sculpins,Sculpins other (NS),EBS,,,,Other skates,Skates (NS),EBS,,,,Sleeper shark,Sleeper shark,EBS,,,,YF. Sole_Juv,Yellowfin sole,EBS,Yellowfin,,,YF. Sole,Yellowfin sole,EBS,Yellowfin,,,Gr. Turbot_Juv,Greenland halibut,EBS,Turbot,,,Gr. Turbot,Greenland halibut,EBS,Turbot,,,Kamchatka fl._Juv,Kamchatka flounder,EBS,Kamchatka,,,Kamchatka fl.,Kamchatka flounder,EBS,Kamchatka,,,Squids,Squids (NS),EBS,,,,King Crab,King crab,EBS,,,,NP shrimp,Shrimps (NS),EBS,,,,Sea stars,Sea stars (NS),EBS,,,,Brittle stars,Brittle stars (NS),EBS,,,,Hermit crabs,Hermit crabs (NS),EBS,,,,Corals,Corals (NS),EBS,,,,Sea Pens,Sea pens (NS),EBS,,,,Sponges,Sponges (NS),EBS,,,,Bivalves,Bivalves (NS),EBS,,,,Polychaetes,Polychaetes (NS),EBS,,,,Snails,Snails (NS),EBS,,,,Anemones,Anemones (NS),EBS,,,,Misc. worms,Worms (NS),EBS,,,,Urochordata,Urochordata (NS),EBS,,,,Misc. crabs,Crabs other (NS),EBS,,,,Misc. crabs,Snow crab,EBS,,,,Misc. crabs,Tanner crab,EBS,,,,Misc. Flatfish,Flatfishes (NS),EBS,,,,Misc. crustacean,Curstaceans other (NS),EBS,,,,Oth. managed forage,Forage fishes other (NS),EBS,,,,Scyphozoid Jellies,Scyphozoid jellies (NS),EBS,,,,