rownames,SPECIES,REGION,TYPE,HABITAT,FGUILD,MaxLen,LengthGroup,TaxonGroup,StartYear,EndYear,NumYears,Continuous
1,Atlantic cod,BALT,Fish,Demersal,Piscivore,110,Large,Gadoid,1974,2008,35,TRUE
2,Atlantic herring,BALT,Fish,Pelagic,Planktivore,25,Small,Clupeid,1974,2008,35,TRUE
3,Sprat,BALT,Fish,Pelagic,Planktivore,16,Small,Clupeid,1974,2008,35,TRUE
4,Atlantic cod,BS,Fish,Demersal,Piscivore,130,Large,Gadoid,1946,2009,64,TRUE
5,Atlantic herring,BS,Fish,Pelagic,Planktivore,40,Small,Clupeid,1950,2009,60,TRUE
6,Beaked redfish,BS,Fish,Pelagic,Zoopivore,100,Medium,Sebastes,1986,2009,24,TRUE
7,Capelin,BS,Fish,Pelagic,Planktivore,20,Small,Forage fish,1972,2009,38,TRUE
8,Golden redfish,BS,Fish,Pelagic,Zoopivore,100,Medium,Sebastes,1986,2009,24,TRUE
9,Greenland halibut,BS,Fish,Demersal,Zoopivore,50,Small,Pleuronectid,1964,2009,46,TRUE
10,Haddock,BS,Fish,Demersal,Benthivore,110,Large,Gadoid,1950,2009,60,TRUE
11,Pandalid shrimps (NS),BS,Invertebrate,Demersal,Benthivore,,,Pelagic Zooplankton,1982,2008,27,TRUE
12,Pollock,BS,Fish,Pelagic,Piscivore,130,Large,Gadoid,1960,2009,50,TRUE
13,Zooplankton (>2000 microns; 0-100m),BS,Zooplankton,Pelagic,Planktivore,,,Pelagic Zooplankton,1988,2006,19,TRUE
14,Zooplankton (>2000 microns; 0-bottom),BS,Zooplankton,Pelagic,Planktivore,,,Pelagic Zooplankton,1990,2006,17,TRUE
15,Zooplankton (0180-1000 microns; 0-100m),BS,Zooplankton,Pelagic,Planktivore,,,Pelagic Zooplankton,1988,2006,19,TRUE
16,Zooplankton (0180-1000 microns; 0-bottom),BS,Zooplankton,Pelagic,Planktivore,,,Pelagic Zooplankton,1990,2006,17,TRUE
17,Zooplankton (1000-2000 microns; 0-100m),BS,Zooplankton,Pelagic,Planktivore,,,Pelagic Zooplankton,1988,2006,19,TRUE
18,Zooplankton (1000-2000 microns; 0-bottom),BS,Zooplankton,Pelagic,Planktivore,,,Pelagic Zooplankton,1990,2006,17,TRUE
19,Zooplankton (Total; 0-100m),BS,Zooplankton,Pelagic,Planktivore,,,Pelagic Zooplankton,1988,2006,19,TRUE
20,Zooplankton (Total; 0-bottom),BS,Zooplankton,Pelagic,Planktivore,,,Pelagic Zooplankton,1990,2006,17,TRUE
21,Alaska plaice,EBS,Fish,Demersal,Benthivore,32,Small,Pleuronectid,1975,2009,35,TRUE
22,Alaska skate,EBS,Fish,Demersal,Piscivore,107,Large,Elasmobranch,1982,2009,28,TRUE
23,Albatross Jaeger,EBS,Bird,Pelagic,Piscivore,,,Bird,0,0,0,FALSE
24,Anemones (NS),EBS,Invertebrate,Demersal,Detritivore,,,Invertebrate,1982,2009,28,TRUE
25,Arrowtooth flounder,EBS,Fish,Demersal,Piscivore,86,Medium,Pleuronectid,1976,2009,34,TRUE
26,Arrowtooth_Juv,EBS,Fish,Pelagic,Zoopivore,20,Small,Pleuronectid,0,0,0,FALSE
27,Atka mackerel,EBS,Fish,Pelagic,Planktivore,60,Medium,Hexagrammid,1982,2009,26,FALSE
28,Atka mackerel_Juv,EBS,Fish,Pelagic,Planktivore,20,Small,Hexagrammid,0,0,0,FALSE
29,Auklets,EBS,Bird,Pelagic,Planktivore,,,Bird,0,0,0,FALSE
30,Bathylagidae,EBS,Fish,Pelagic,Planktivore,25.4,Small,Forage fish,0,0,0,FALSE
31,Belugas,EBS,Mammal,Pelagic,Piscivore,,,Toothed Whale,0,0,0,FALSE
32,Benthic Amphipods,EBS,Invertebrate,Demersal,Detritivore,,,Invertebrate,0,0,0,FALSE
33,Benthic Detritus,EBS,Other,Other,Other,,,Detritus,0,0,0,FALSE
34,Benthic microbes,EBS,Other,Demersal,Planktivore,,,Other,0,0,0,FALSE
35,Bivalves (NS),EBS,Invertebrate,Demersal,Detritivore,,,Invertebrate,1982,2009,28,TRUE
36,Bowhead Whales,EBS,Mammal,Pelagic,Planktivore,,,Baleen Whale,0,0,0,FALSE
37,Brittle stars (NS),EBS,Invertebrate,Demersal,Detritivore,,,Invertebrate,1982,2009,28,TRUE
38,Capelin,EBS,Fish,Pelagic,Planktivore,25.2,Small,Forage fish,1982,2009,28,TRUE
39,Chaetognaths,EBS,Zooplankton,Pelagic,Planktivore,,,Pelagic Zooplankton,0,0,0,FALSE
40,Copepods (NS),EBS,Zooplankton,Pelagic,Planktivore,,,Pelagic Zooplankton,1955,2009,48,FALSE
41,Corals (NS),EBS,Invertebrate,Demersal,Detritivore,,,Invertebrate,1982,2009,28,TRUE
42,Cormorants,EBS,Bird,Pelagic,Piscivore,,,Bird,0,0,0,FALSE
43,Crabs other (NS),EBS,Invertebrate,Demersal,Benthivore,,,Invertebrate,1982,2009,28,TRUE
44,Crustaceans other (NS),EBS,Invertebrate,Demersal,Detritivore,,,Invertebrate,1982,2009,28,TRUE
45,Discards,EBS,Other,Other,Other,,,Detritus,0,0,0,FALSE
46,Dover sole,EBS,Fish,Demersal,Benthivore,76,Medium,Pleuronectid,1985,2009,21,FALSE
47,Dusky rockfish,EBS,Fish,Pelagic,Benthivore,53,Small,Sebastes,1996,2009,7,FALSE
48,Echinoderms (NS),EBS,Invertebrate,Demersal,Detritivore,,,Invertebrate,1982,2009,28,TRUE
49,Eelpouts (NS),EBS,Fish,Demersal,Benthivore,80,Medium,Other,1982,2009,28,TRUE
50,Eulachon,EBS,Fish,Pelagic,Planktivore,25.4,Small,Forage fish,1982,2009,28,TRUE
51,Euphausiids,EBS,Zooplankton,Pelagic,Planktivore,,,Pelagic Zooplankton,0,0,0,FALSE
52,FH. Sole_Juv,EBS,Fish,Demersal,Benthivore,20,Small,Pleuronectid,0,0,0,FALSE
53,Fin whale,EBS,Mammal,Pelagic,Planktivore,,,Baleen Whale,0,0,0,FALSE
54,Fish Larvae,EBS,Zooplankton,Pelagic,Planktivore,,,Pelagic Zooplankton,0,0,0,FALSE
55,Fish other (NS),EBS,Fish,Other,Other,,,Other,1982,2009,28,TRUE
56,Flatfishes (NS),EBS,Fish,Demersal,Benthivore,91,Medium,Pleuronectid,1982,2009,28,TRUE
57,Flathead sole,EBS,Fish,Demersal,Benthivore,56,Medium,Pleuronectid,1977,2009,33,TRUE
58,Forage fishes other (NS),EBS,Fish,Pelagic,Planktivore,,Small,Forage fish,1982,2009,27,FALSE
59,Fulmars,EBS,Bird,Pelagic,Piscivore,,,Bird,0,0,0,FALSE
60,Gelatinous filter feeders (NS),EBS,Zooplankton,Pelagic,Planktivore,,,Pelagic Zooplankton,1984,2008,11,FALSE
61,Gr. Turbot_Juv,EBS,Fish,Pelagic,Planktivore,20,Small,Pleuronectid,0,0,0,FALSE
62,Gray whale,EBS,Mammal,Demersal,Benthivore,,,Baleen Whale,0,0,0,FALSE
63,Greenland halibut,EBS,Fish,Demersal,Piscivore,130,Large,Pleuronectid,1960,2009,50,TRUE
64,Greenlings (NS),EBS,Fish,Demersal,Benthivore,61,Medium,Hexagrammid,1982,2009,28,TRUE
65,Grenadiers (NS),EBS,Fish,Demersal,Piscivore,150,Large,Other,0,0,0,FALSE
66,Gulls,EBS,Bird,Pelagic,Piscivore,,,Bird,0,0,0,FALSE
67,Hermit crabs (NS),EBS,Invertebrate,Demersal,Benthivore,,,Invertebrate,1982,2009,28,TRUE
68,Herring_Juv,EBS,Fish,Pelagic,Planktivore,20,Small,Clupeid,0,0,0,FALSE
69,Humpback whale,EBS,Mammal,Pelagic,Zoopivore,,,Baleen Whale,0,0,0,FALSE
70,Hydroids,EBS,Invertebrate,Demersal,Detritivore,,,Invertebrate,0,0,0,FALSE
71,Kamchatka fl._Juv,EBS,Fish,Pelagic,Zoopivore,20,Small,Pleuronectid,0,0,0,FALSE
72,Kamchatka flounder,EBS,Fish,Demersal,Piscivore,110,Large,Pleuronectid,1983,2009,26,FALSE
73,King crab,EBS,Invertebrate,Demersal,Benthivore,,,Invertebrate,1968,2008,41,TRUE
74,Kittiwakes,EBS,Bird,Pelagic,Piscivore,,,Bird,0,0,0,FALSE
75,Large sculpins (NS),EBS,Fish,Demersal,Benthivore,76,Medium,Scorpaenid,1982,2009,28,TRUE
76,Lg Phytoplankton,EBS,Other,Pelagic,Other,,,Primary Producers,0,0,0,FALSE
77,Macroalgae,EBS,Other,Demersal,Other,,,Primary Producers,0,0,0,FALSE
78,Minke whale,EBS,Mammal,Pelagic,Planktivore,,,Baleen Whale,0,0,0,FALSE
79,Misc. fish deep,EBS,Fish,Pelagic,Benthivore,,Unknown,Other,0,0,0,FALSE
80,Misc. fish shallow,EBS,Fish,Demersal,Planktivore,,Unknown,Other,0,0,0,FALSE
81,Murres,EBS,Bird,Pelagic,Piscivore,,,Bird,0,0,0,FALSE
82,Myctophidae,EBS,Fish,Pelagic,Planktivore,18.3,Small,Forage fish,0,0,0,FALSE
83,Mysids,EBS,Zooplankton,Pelagic,Planktivore,,,Pelagic Zooplankton,0,0,0,FALSE
84,N. Fur Seal,EBS,Mammal,Pelagic,Piscivore,,,Pinniped,0,0,0,FALSE
85,N. Fur Seal_Juv,EBS,Mammal,Pelagic,Piscivore,,,Pinniped,0,0,0,FALSE
86,N. Rock sole_Juv,EBS,Fish,Demersal,Benthivore,20,Small,Pleuronectid,0,0,0,FALSE
87,Northern rock sole,EBS,Fish,Demersal,Benthivore,69,Medium,Pleuronectid,1975,2009,35,TRUE
88,Northern rockfish,EBS,Fish,Pelagic,Planktivore,41,Small,Sebastes,1982,2009,24,FALSE
89,Octopi (NS),EBS,Invertebrate,Demersal,Benthivore,,,Cephalopod,1982,2009,28,TRUE
90,Offal,EBS,Other,Other,Other,,,Detritus,0,0,0,FALSE
91,Oth. pelagic smelt,EBS,Fish,Pelagic,Planktivore,,Small,Forage fish,0,0,0,FALSE
92,P. Cod_Juv,EBS,Fish,Demersal,Benthivore,20,Small,Gadoid,0,0,0,FALSE
93,P. Halibut_Juv,EBS,Fish,Demersal,Benthivore,20,Small,Pleuronectid,0,0,0,FALSE
94,Pacific cod,EBS,Fish,Demersal,Piscivore,120,Large,Gadoid,1977,2009,33,TRUE
95,Pacific halibut,EBS,Fish,Demersal,Piscivore,267,Large,Pleuronectid,1982,2009,28,TRUE
96,Pacific herring,EBS,Fish,Pelagic,Planktivore,46,Small,Clupeid,1977,2008,32,TRUE
97,Pacific ocean perch,EBS,Fish,Pelagic,Planktivore,55,Medium,Sebastes,1982,2009,27,FALSE
98,Pacific salmon,EBS,Fish,Pelagic,Planktivore,160,Large,Forage fish,1982,2009,25,FALSE
99,Pacific sand lance,EBS,Fish,Demersal,Planktivore,28,Small,Forage fish,1982,2009,28,TRUE
100,Pandalid shrimps (NS),EBS,Invertebrate,Demersal,Benthivore,,,Invertebrate,1982,2009,28,TRUE
101,Pelagic Amphipods,EBS,Zooplankton,Pelagic,Planktivore,,,Pelagic Zooplankton,0,0,0,FALSE
102,Pelagic Detritus,EBS,Other,Other,Other,,,Detritus,0,0,0,FALSE
103,Pelagic microbes,EBS,Other,Pelagic,Planktivore,,,Other,0,0,0,FALSE
104,Polychaetes (NS),EBS,Invertebrate,Demersal,Detritivore,,,Invertebrate,1982,2009,28,TRUE
105,Porpoises,EBS,Mammal,Pelagic,Piscivore,,,Toothed Whale,0,0,0,FALSE
106,Pteropods,EBS,Zooplankton,Pelagic,Planktivore,,,Pelagic Zooplankton,0,0,0,FALSE
107,Puffins,EBS,Bird,Pelagic,Piscivore,,,Bird,0,0,0,FALSE
108,Resident Killers,EBS,Mammal,Pelagic,Piscivore,,,Toothed Whale,0,0,0,FALSE
109,Resident seals,EBS,Mammal,Pelagic,Piscivore,,,Pinniped,0,0,0,FALSE
110,Rex sole,EBS,Fish,Demersal,Benthivore,61,Medium,Pleuronectid,1982,2009,28,TRUE
111,Right whales,EBS,Mammal,Pelagic,Planktivore,,,Baleen Whale,0,0,0,FALSE
112,Rougheye rockfish,EBS,Fish,Demersal,Zoopivore,97,Medium,Sebastes,1983,2005,11,FALSE
113,Sablefish,EBS,Fish,Pelagic,Piscivore,114,Large,Sablefish,1982,2008,22,FALSE
114,Sablefish_Juv,EBS,Fish,Pelagic,Planktivore,20,Small,Sablefish,0,0,0,FALSE
115,Salmon outgoing,EBS,Fish,Pelagic,Planktivore,20,Small,Forage fish,0,0,0,FALSE
116,Sculpins other (NS),EBS,Fish,Demersal,Benthivore,48,Small,Scorpaenid,1982,2009,28,TRUE
117,Scyphozoid jellies (NS),EBS,Invertebrate,Pelagic,Planktivore,,,Pelagic Zooplankton,1982,2009,28,TRUE
118,Sea Otters,EBS,Mammal,Demersal,Benthivore,,,Pinniped,0,0,0,FALSE
119,Sea pens (NS),EBS,Invertebrate,Demersal,Detritivore,,,Invertebrate,1982,2009,28,TRUE
120,Sea stars (NS),EBS,Invertebrate,Demersal,Benthivore,,,Invertebrate,1982,2009,28,TRUE
121,Sebastes other (NS),EBS,Fish,Demersal,Zoopivore,38,Small,Sebastes,0,0,0,FALSE
122,Sei whales,EBS,Mammal,Pelagic,Planktivore,,,Baleen Whale,0,0,0,FALSE
123,Sharpchin rockfish,EBS,Fish,Demersal,Planktivore,45,Small,Sebastes,0,0,0,FALSE
124,Shearwater,EBS,Bird,Pelagic,Piscivore,,,Bird,0,0,0,FALSE
125,Shortraker rockfish,EBS,Fish,Demersal,Zoopivore,120,Large,Sebastes,0,0,0,FALSE
126,Shortspine thornyhead,EBS,Fish,Demersal,Benthivore,80,Medium,Sebastes,0,0,0,FALSE
127,Shrimps (NS),EBS,Invertebrate,Demersal,Benthivore,,,Invertebrate,1982,2009,28,TRUE
128,Skates (NS),EBS,Fish,Demersal,Benthivore,150,Large,Elasmobranch,1982,2009,28,TRUE
129,Sleeper shark,EBS,Fish,Demersal,Piscivore,600,Large,Elasmobranch,1992,2006,12,FALSE
130,Sm Phytoplankton,EBS,Other,Pelagic,Other,,,Primary Producers,0,0,0,FALSE
131,Snails (NS),EBS,Invertebrate,Demersal,Benthivore,,,Invertebrate,1982,2009,28,TRUE
132,Snow crab,EBS,Invertebrate,Demersal,Benthivore,,,Invertebrate,1978,2007,30,TRUE
133,Sperm and Beaked Whales,EBS,Mammal,Pelagic,Piscivore,,,Toothed Whale,0,0,0,FALSE
134,Sponges (NS),EBS,Invertebrate,Demersal,Detritivore,,,Invertebrate,1982,2009,28,TRUE
135,Squids (NS),EBS,Invertebrate,Pelagic,Planktivore,,,Cephalopod,1982,2009,28,TRUE
136,Steller sea lion,EBS,Mammal,Pelagic,Piscivore,,,Pinniped,0,0,0,FALSE
137,Steller Sea Lion_Juv,EBS,Mammal,Pelagic,Piscivore,,,Pinniped,0,0,0,FALSE
138,Storm Petrels,EBS,Bird,Pelagic,Piscivore,,,Bird,0,0,0,FALSE
139,Tanner crab,EBS,Invertebrate,Demersal,Benthivore,,,Invertebrate,1982,2009,28,TRUE
140,Transient Killers,EBS,Mammal,Pelagic,Piscivore,,,Toothed Whale,0,0,0,FALSE
141,Urochordata (NS),EBS,Invertebrate,Demersal,Detritivore,,,Invertebrate,1982,2009,28,TRUE
142,W. Pollock_Juv,EBS,Fish,Pelagic,Planktivore,20,Small,Gadoid,0,0,0,FALSE
143,Walleye pollock,EBS,Fish,Pelagic,Planktivore,91,Medium,Gadoid,1964,2009,46,TRUE
144,Walrus Bd Seals,EBS,Mammal,Demersal,Benthivore,,,Pinniped,0,0,0,FALSE
145,Wintering seals,EBS,Mammal,Pelagic,Piscivore,,,Pinniped,0,0,0,FALSE
146,Worms (NS),EBS,Invertebrate,Demersal,Detritivore,,,Invertebrate,1982,2009,28,TRUE
147,Yellowfin sole,EBS,Fish,Demersal,Benthivore,49,Small,Pleuronectid,1954,2009,56,TRUE
148,YF. Sole_Juv,EBS,Fish,Demersal,Benthivore,20,Small,Pleuronectid,0,0,0,FALSE
149,Albacore tuna,ESS,Fish,Pelagic,Piscivore,140,Large,Scombrid,0,0,0,FALSE
150,Alewife,ESS,Fish,Pelagic,Planktivore,40,Small,Clupeid,1977,2008,13,FALSE
151,American cupped oyster,ESS,Invertebrate,Demersal,Planktivore,,,Invertebrate,0,0,0,FALSE
152,American lobster,ESS,Invertebrate,Demersal,Benthivore,,,Invertebrate,1971,2009,32,FALSE
153,American plaice,ESS,Fish,Demersal,Benthivore,82.6,Medium,Pleuronectid,1970,2009,40,TRUE
154,Atlantic argentine,ESS,Fish,Pelagic,Planktivore,70,Medium,Forage fish,1970,2009,40,TRUE
155,Atlantic butterfish,ESS,Fish,Pelagic,Planktivore,30,Small,Forage fish,1971,2009,29,FALSE
156,Atlantic cod,ESS,Fish,Demersal,Piscivore,200,Large,Gadoid,1970,2009,40,TRUE
157,Atlantic hagfish,ESS,Fish,Demersal,Benthivore,65,Medium,Myxini,1970,2009,32,FALSE
158,Atlantic halibut,ESS,Fish,Demersal,Piscivore,470,Large,Pleuronectid,1970,2009,40,TRUE
159,Atlantic mackerel,ESS,Fish,Pelagic,Planktivore,60,Medium,Scombrid,1970,2009,38,FALSE
160,Atlantic redfishes (NS),ESS,Fish,Pelagic,Zoopivore,100,Medium,Sebastes,1970,2009,40,TRUE
161,Atlantic searobins (NS),ESS,Fish,Pelagic,Zoopivore,30,Small,Percoid,0,0,0,FALSE
162,Barndoor skate,ESS,Fish,Demersal,Benthivore,152,Large,Elasmobranch,1970,2008,18,FALSE
163,Basking shark,ESS,Fish,Pelagic,Zoopivore,800,Large,Elasmobranch,0,0,0,FALSE
164,Bigeye tuna,ESS,Fish,Pelagic,Piscivore,250,Large,Scombrid,0,0,0,FALSE
165,Bivalves (NS),ESS,Invertebrate,Demersal,Planktivore,,,Invertebrate,0,0,0,FALSE
166,Blue marlin,ESS,Fish,Pelagic,Piscivore,400,Large,Percoid,0,0,0,FALSE
167,Blue shark,ESS,Fish,Pelagic,Piscivore,400,Large,Elasmobranch,0,0,0,FALSE
168,Bluefin tuna,ESS,Fish,Pelagic,Piscivore,250,Large,Scombrid,0,0,0,FALSE
169,Clams (surf and mantle),ESS,Invertebrate,Demersal,Planktivore,,,Invertebrate,0,0,0,FALSE
170,Crabs other (NS),ESS,Invertebrate,Demersal,Benthivore,,Small,Invertebrate,0,0,0,FALSE
171,Cusk,ESS,Fish,Demersal,Benthivore,120,Large,Gadoid,1970,2008,34,FALSE
172,Deepsea red crab,ESS,Invertebrate,Demersal,Benthivore,,,Invertebrate,0,0,0,FALSE
173,Finfishes (NS),ESS,Fish,Demersal,Omnivore,,,,0,0,0,FALSE
174,Flatfishes (NS),ESS,Fish,Demersal,Benthivore,,,Pleuronectid,0,0,0,FALSE
175,Goosefish,ESS,Fish,Demersal,Piscivore,120,Large,Scorpaenid,1970,2009,40,TRUE
176,Greenland halibut,ESS,Fish,Demersal,Zoopivore,120,Large,Pleuronectid,1970,2009,40,TRUE
177,Grey seal,ESS,Mammal,Other,Piscivore,,,Pinniped,1970,2007,38,TRUE
178,Groundfish unidentified (NS),ESS,Fish,Demersal,Omnivore,,,,0,0,0,FALSE
179,Haddock,ESS,Fish,Demersal,Benthivore,112,Large,Gadoid,1970,2009,40,TRUE
180,Jonah crab,ESS,Invertebrate,Demersal,Benthivore,,,Invertebrate,1980,2009,20,FALSE
181,Large sharks (NS),ESS,Fish,Pelagic,Piscivore,,Large,Elasmobranch,0,0,0,FALSE
182,Longhorn sculpin,ESS,Fish,Demersal,Piscivore,65,Medium,Scorpaenid,1970,2009,40,TRUE
183,Lumpfish,ESS,Fish,Pelagic,Planktivore,61,Medium,Scorpaenid,1970,2009,29,FALSE
184,Mahi mahi,ESS,Fish,Pelagic,Zoopivore,127,Large,Percoid,0,0,0,FALSE
185,Marine invertebrates (NS),ESS,Invertebrate,Demersal,,,,Invertebrate,0,0,0,FALSE
186,Northern sand lance,ESS,Fish,Demersal,Planktivore,37.2,Small,Forage fish,1970,2009,40,TRUE
187,Ocean pout,ESS,Fish,Demersal,Benthivore,110,Large,Percoid,1970,2009,40,TRUE
188,Ocean quahog,ESS,Invertebrate,Demersal,Planktivore,,,Invertebrate,0,0,0,FALSE
189,Offshore hake,ESS,Fish,Demersal,Zoopivore,70,Medium,Gadoid,1970,2009,38,FALSE
190,Pandalid shrimps (NS),ESS,Invertebrate,Demersal,Detritivore,,,Invertebrate,1995,2008,14,TRUE
191,Pelagic fish (NS),ESS,Fish,Pelagic,,,,,0,0,0,FALSE
192,Periwinkle,ESS,Invertebrate,Demersal,Benthivore,,,Invertebrate,2002,2009,4,FALSE
193,Pollock,ESS,Fish,Pelagic,Zoopivore,130,Large,Gadoid,1970,2009,40,TRUE
194,Porbeagle,ESS,Fish,Pelagic,Piscivore,140,Large,Elasmobranch,0,0,0,FALSE
195,Propellor clams,ESS,Invertebrate,Demersal,Planktivore,,,Invertebrate,0,0,0,FALSE
196,Red hake,ESS,Fish,Demersal,Zoopivore,66,Medium,Gadoid,1970,2009,40,TRUE
197,Rock crab,ESS,Invertebrate,Demersal,Benthivore,,,Invertebrate,1981,2009,13,FALSE
198,Roundnose grenadier,ESS,Fish,Demersal,Benthivore,110,Large,Gadoid,0,0,0,FALSE
199,Scup,ESS,Fish,Demersal,Zoopivore,,Medium,Percoid,0,0,0,FALSE
200,Sea cucumber,ESS,Invertebrate,Demersal,Detritivore,,,Invertebrate,0,0,0,FALSE
201,Sea scallop,ESS,Invertebrate,Demersal,Planktivore,,,Invertebrate,1986,2009,12,FALSE
202,Sea urchin,ESS,Invertebrate,Demersal,Benthivore,,,Invertebrate,1999,2008,5,FALSE
203,Shad,ESS,Fish,Pelagic,Planktivore,76,Medium,Clupeid,1977,2009,14,FALSE
204,Sharks (NS),ESS,Fish,Pelagic,Piscivore,,Large,Elasmobranch,0,0,0,FALSE
205,Silver hake,ESS,Fish,Pelagic,Zoopivore,76,Medium,Gadoid,1970,2009,40,TRUE
206,Skates (NS),ESS,Fish,Demersal,Zoopivore,,,Elasmobranch,1970,2009,40,TRUE
207,Snow crab,ESS,Invertebrate,Demersal,Benthivore,,,Invertebrate,1981,2009,23,FALSE
208,Softshell clams,ESS,Invertebrate,Demersal,Planktivore,,,Invertebrate,0,0,0,FALSE
209,Spiny dogfish,ESS,Fish,Pelagic,Piscivore,160,Large,Elasmobranch,1972,2009,34,FALSE
210,Squids (NS),ESS,Invertebrate,Pelagic,Zoopivore,45,Medium,Cephalopod,1970,2009,40,TRUE
211,Stimpson surf clam,ESS,Invertebrate,Demersal,Planktivore,,,Invertebrate,0,0,0,FALSE
212,Stone crab,ESS,Invertebrate,Demersal,Benthivore,,,Invertebrate,1981,2009,15,FALSE
213,Summer flounder,ESS,Fish,Demersal,Piscivore,82,Medium,Pleuronectid,0,0,0,FALSE
214,Surf clam,ESS,Invertebrate,Demersal,Planktivore,,,Invertebrate,0,0,0,FALSE
215,Swordfish,ESS,Fish,Pelagic,Piscivore,450,Large,Percoid,0,0,0,FALSE
216,Thresher shark,ESS,Fish,Pelagic,Piscivore,600,Large,Elasmobranch,0,0,0,FALSE
217,Tilefishes (NS),ESS,Fish,Pelagic,Zoopivore,100,Large,Percoid,0,0,0,FALSE
218,Toad crabs (NS),ESS,Invertebrate,Demersal,Benthivore,,,Invertebrate,0,0,0,FALSE
219,Tunas (NS),ESS,Fish,Pelagic,Piscivore,,Large,Scombrid,0,0,0,FALSE
220,White hake,ESS,Fish,Demersal,Piscivore,135,Large,Gadoid,1970,2009,40,TRUE
221,White marlin,ESS,Fish,Pelagic,Piscivore,100,Large,Percoid,0,0,0,FALSE
222,Windowpane,ESS,Fish,Demersal,Benthivore,35,Small,Pleuronectid,1971,2009,25,FALSE
223,Winter flounder,ESS,Fish,Demersal,Benthivore,64,Medium,Pleuronectid,1970,2009,40,TRUE
224,Witch flounder,ESS,Fish,Demersal,Benthivore,78.1,Medium,Pleuronectid,1970,2009,40,TRUE
225,Wolffishes (NS),ESS,Fish,Demersal,Benthivore,170,Large,Percoid,1970,2009,40,TRUE
226,Yellowfin tuna,ESS,Fish,Pelagic,Piscivore,150,Large,Scombrid,0,0,0,FALSE
227,Yellowtail flounder,ESS,Fish,Demersal,Benthivore,64,Medium,Pleuronectid,1970,2009,40,TRUE
228,American plaice,GB,Fish,Demersal,Benthivore,92,Medium,Pleuronectid,1963,2009,47,TRUE
229,Atlantic butterfish,GB,Fish,Pelagic,Planktivore,34,Small,Forage fish,1963,2009,47,TRUE
230,Atlantic cod,GB,Fish,Demersal,Piscivore,150,Large,Gadoid,1963,2007,45,TRUE
231,Atlantic halibut,GB,Fish,Demersal,Piscivore,170,Large,Pleuronectid,1963,2009,47,TRUE
232,Atlantic herring,GB,Fish,Pelagic,Planktivore,46,Small,Clupeid,1967,2008,42,TRUE
233,Atlantic mackerel,GB,Fish,Pelagic,Planktivore,51,Small,Scombrid,1963,2009,47,TRUE
234,Atlantic redfishes (NS),GB,Fish,Pelagic,Zoopivore,52,Small,Sebastes,1963,2009,47,TRUE
235,Atlantic wolffish,GB,Fish,Demersal,Benthivore,137,Large,Percoid,1963,2009,47,TRUE
236,Fourspot flounder,GB,Fish,Demersal,Piscivore,49,Small,Pleuronectid,1963,2009,47,TRUE
237,Goosefish,GB,Fish,Demersal,Piscivore,138,Large,Scorpaenid,1963,2009,47,TRUE
238,Haddock,GB,Fish,Demersal,Benthivore,104,Large,Gadoid,1963,2007,45,TRUE
239,Longfin squid,GB,Invertebrate,Pelagic,Zoopivore,49,,Cephalopod,1964,2009,46,TRUE
240,Northern sand lance,GB,Fish,Demersal,Planktivore,50,Small,Forage fish,1963,2009,47,TRUE
241,Ocean pout,GB,Fish,Demersal,Benthivore,100,Medium,Percoid,1963,2009,47,TRUE
242,Pollock,GB,Fish,Pelagic,Zoopivore,160,Large,Gadoid,1963,2007,45,TRUE
243,Red hake,GB,Fish,Demersal,Benthivore,76,Medium,Gadoid,1963,2009,47,TRUE
244,Scup,GB,Fish,Demersal,Benthivore,44,Small,Other,1964,2009,46,TRUE
245,Shortfin squid,GB,Invertebrate,Pelagic,Zoopivore,39,,Cephalopod,1963,2009,47,TRUE
246,Skates (NS),GB,Fish,Demersal,Benthivore,,Large,Elasmobranch,1963,2009,47,TRUE
247,Smooth dogfish,GB,Fish,Demersal,Benthivore,150,Large,Elasmobranch,1973,2009,37,TRUE
248,Spiny dogfish,GB,Fish,Pelagic,Zoopivore,122,Large,Elasmobranch,1963,2009,47,TRUE
249,Summer flounder,GB,Fish,Demersal,Piscivore,82,Medium,Pleuronectid,1973,2009,37,TRUE
250,Windowpane,GB,Fish,Demersal,Benthivore,57,Medium,Pleuronectid,1963,2007,45,TRUE
251,Winter flounder,GB,Fish,Demersal,Benthivore,74,Medium,Pleuronectid,1963,2007,45,TRUE
252,Witch flounder,GB,Fish,Demersal,Benthivore,69,Medium,Pleuronectid,1963,2009,47,TRUE
253,Yellowtail flounder,GB,Fish,Demersal,Benthivore,61,Medium,Pleuronectid,1963,2007,45,TRUE
254,Zooplankton,GB,Zooplankton,Pelagic,Planktivore,,,Zooplankton,1963,2007,33,FALSE
255,Alaska plaice,GoA,Fish,Demersal,Benthivore,32,Small,Pleuronectid,1984,2009,11,FALSE
256,Albatross Jaeger,GoA,Bird,Pelagic,Piscivore,,,Bird,0,0,0,FALSE
257,Anemones (NS),GoA,Invertebrate,Demersal,Detritivore,,,Invertebrate,0,0,0,FALSE
258,Arrowtooth flounder,GoA,Fish,Demersal,Piscivore,86,Medium,Pleuronectid,1961,2009,49,TRUE
259,Arrowtooth_Juv,GoA,Fish,Pelagic,Zoopivore,20,Small,Pleuronectid,0,0,0,FALSE
260,Atka mackerel,GoA,Fish,Pelagic,Planktivore,60,Medium,Hexagrammid,1984,2009,11,FALSE
261,Atka mackerel_Juv,GoA,Fish,Pelagic,Planktivore,20,Small,Hexagrammid,0,0,0,FALSE
262,Auklets,GoA,Bird,Pelagic,Planktivore,,,Bird,0,0,0,FALSE
263,Bathylagidae,GoA,Fish,Pelagic,Planktivore,25.4,Small,Forage fish,0,0,0,FALSE
264,Benthic Amphipods,GoA,Invertebrate,Demersal,Detritivore,,,Invertebrate,0,0,0,FALSE
265,Benthic Detritus,GoA,Other,Other,Other,,,Detritus,0,0,0,FALSE
266,Benthic microbes,GoA,Other,Demersal,Planktivore,,,Other,0,0,0,FALSE
267,Big skate,GoA,Fish,Demersal,Benthivore,244,Large,Elasmobranch,1984,2009,11,FALSE
268,Bivalves (NS),GoA,Invertebrate,Demersal,Detritivore,,,Invertebrate,0,0,0,FALSE
269,Brittle stars (NS),GoA,Invertebrate,Demersal,Detritivore,,,Invertebrate,0,0,0,FALSE
270,Capelin,GoA,Fish,Pelagic,Planktivore,25.2,Small,Forage fish,1984,2009,11,FALSE
271,Chaetognaths,GoA,Zooplankton,Pelagic,Planktivore,,,Pelagic Zooplankton,0,0,0,FALSE
272,Copepods (NS),GoA,Zooplankton,Pelagic,Planktivore,,,Pelagic Zooplankton,0,0,0,FALSE
273,Corals (NS),GoA,Invertebrate,Demersal,Detritivore,,,Invertebrate,0,0,0,FALSE
274,Cormorants,GoA,Bird,Pelagic,Piscivore,,,Bird,0,0,0,FALSE
275,Crabs other (NS),GoA,Invertebrate,Demersal,Benthivore,,,Invertebrate,0,0,0,FALSE
276,Crustaceans other (NS),GoA,Invertebrate,Demersal,Detritivore,,,Invertebrate,0,0,0,FALSE
277,Discards,GoA,Other,Other,Other,,,Detritus,0,0,0,FALSE
278,Dogfish,GoA,Fish,Pelagic,Zoopivore,160,Large,Elasmobranch,0,0,0,FALSE
279,Dover sole,GoA,Fish,Demersal,Benthivore,76,Medium,Pleuronectid,1984,2009,26,TRUE
280,Dusky rockfish,GoA,Fish,Pelagic,Benthivore,53,Small,Sebastes,1977,2009,33,TRUE
281,Echinoderms (NS),GoA,Invertebrate,Demersal,Detritivore,,,Invertebrate,0,0,0,FALSE
282,Eelpouts (NS),GoA,Fish,Demersal,Benthivore,80,Medium,Other,1984,2009,11,FALSE
283,Eulachon,GoA,Fish,Pelagic,Planktivore,25.4,Small,Forage fish,1984,2009,11,FALSE
284,Euphausiids,GoA,Zooplankton,Pelagic,Planktivore,,,Pelagic Zooplankton,0,0,0,FALSE
285,FH. Sole_Juv,GoA,Fish,Demersal,Benthivore,20,Small,Pleuronectid,0,0,0,FALSE
286,Fin whale,GoA,Mammal,Pelagic,Planktivore,,,Baleen Whale,0,0,0,FALSE
287,Fish Larvae,GoA,Zooplankton,Pelagic,Planktivore,,,Pelagic Zooplankton,0,0,0,FALSE
288,Flatfishes (NS),GoA,Fish,Demersal,Benthivore,130,Large,Pleuronectid,1984,2009,11,FALSE
289,Flathead sole,GoA,Fish,Demersal,Benthivore,56,Medium,Pleuronectid,1984,2009,26,TRUE
290,Forage fishes other (NS),GoA,Fish,Pelagic,Planktivore,,Small,Forage fish,1984,2009,11,FALSE
291,Fulmars,GoA,Bird,Pelagic,Piscivore,,,Bird,0,0,0,FALSE
292,Fur seal,GoA,Mammal,Pelagic,Piscivore,,,Pinniped,0,0,0,FALSE
293,Gelatinous filter feeders (NS),GoA,Zooplankton,Pelagic,Planktivore,,,Pelagic Zooplankton,0,0,0,FALSE
294,Gray whale,GoA,Mammal,Demersal,Benthivore,,,Baleen Whale,0,0,0,FALSE
295,Greenlings (NS),GoA,Fish,Demersal,Benthivore,152,Large,Hexagrammid,1984,2009,11,FALSE
296,Grenadiers (NS),GoA,Fish,Demersal,Piscivore,150,Large,Other,1984,2009,11,FALSE
297,Gulls (NS),GoA,Bird,Pelagic,Piscivore,,,Bird,0,0,0,FALSE
298,Hermit crabs (NS),GoA,Invertebrate,Demersal,Benthivore,,,Invertebrate,0,0,0,FALSE
299,Herring_Juv,GoA,Fish,Pelagic,Planktivore,20,Small,Clupeid,0,0,0,FALSE
300,Humpback whale,GoA,Mammal,Pelagic,Zoopivore,,,Baleen Whale,0,0,0,FALSE
301,Hydroids,GoA,Invertebrate,Demersal,Detritivore,,,Invertebrate,0,0,0,FALSE
302,King crab,GoA,Invertebrate,Demersal,Benthivore,,,Invertebrate,0,0,0,FALSE
303,Kittiwakes,GoA,Bird,Pelagic,Piscivore,,,Bird,0,0,0,FALSE
304,Large sculpins (NS),GoA,Fish,Demersal,Benthivore,76,Medium,Scorpaenid,1984,2009,11,FALSE
305,Lg Phytoplankton,GoA,Other,Pelagic,Other,,,Primary Producers,0,0,0,FALSE
306,Longnose skate,GoA,Fish,Demersal,Piscivore,137,Large,Elasmobranch,1984,2009,11,FALSE
307,Macroalgae,GoA,Other,Demersal,Other,,,Primary Producers,0,0,0,FALSE
308,Minke whale,GoA,Mammal,Pelagic,Planktivore,,,Baleen Whale,0,0,0,FALSE
309,Misc. fish deep,GoA,Fish,Pelagic,Benthivore,,Unknown,Other,0,0,0,FALSE
310,Misc. fish shallow,GoA,Fish,Demersal,Planktivore,,Unknown,Other,0,0,0,FALSE
311,Murres,GoA,Bird,Pelagic,Piscivore,,,Bird,0,0,0,FALSE
312,Myctophidae,GoA,Fish,Pelagic,Planktivore,18.3,Small,Forage fish,0,0,0,FALSE
313,Mysids,GoA,Zooplankton,Pelagic,Planktivore,,,Pelagic Zooplankton,0,0,0,FALSE
314,N. Fur Seal_Juv,GoA,Mammal,Pelagic,Piscivore,,,Pinniped,0,0,0,FALSE
315,Northern rock sole,GoA,Fish,Demersal,Benthivore,69,Medium,Pleuronectid,1996,2009,7,FALSE
316,Northern rockfish,GoA,Fish,Pelagic,Planktivore,41,Small,Sebastes,1961,2009,49,TRUE
317,Octopi (NS),GoA,Invertebrate,Demersal,Benthivore,,,Cephalopod,1984,2009,11,FALSE
318,Offal,GoA,Other,Other,Other,,,Detritus,0,0,0,FALSE
319,Oth. pelagic smelt,GoA,Fish,Pelagic,Planktivore,,Small,Forage fish,0,0,0,FALSE
320,P. Cod_Juv,GoA,Fish,Demersal,Benthivore,20,Small,Gadoid,0,0,0,FALSE
321,P. Halibut_Juv,GoA,Fish,Demersal,Benthivore,20,Small,Pleuronectid,0,0,0,FALSE
322,Pacific cod,GoA,Fish,Demersal,Piscivore,120,Large,Gadoid,1977,2009,33,TRUE
323,Pacific halibut,GoA,Fish,Demersal,Piscivore,267,Large,Pleuronectid,1950,2009,60,TRUE
324,Pacific herring,GoA,Fish,Pelagic,Planktivore,46,Small,Clupeid,1980,2009,30,TRUE
325,Pacific ocean perch,GoA,Fish,Pelagic,Planktivore,55,Medium,Sebastes,1961,2009,49,TRUE
326,Pacific salmon,GoA,Fish,Pelagic,Planktivore,160,Large,Forage fish,1950,2009,60,TRUE
327,Pacific sand lance,GoA,Fish,Demersal,Planktivore,28,Small,Forage fish,1984,2009,11,FALSE
328,Pandalid shrimps (NS),GoA,Invertebrate,Demersal,Benthivore,,,Invertebrate,1984,2009,11,FALSE
329,Pelagic Amphipods,GoA,Zooplankton,Pelagic,Planktivore,,,Pelagic Zooplankton,0,0,0,FALSE
330,Pelagic Detritus,GoA,Other,Other,Other,,,Detritus,0,0,0,FALSE
331,Pelagic microbes,GoA,Other,Pelagic,Planktivore,,,Other,0,0,0,FALSE
332,Polychaetes (NS),GoA,Invertebrate,Demersal,Detritivore,,,Invertebrate,0,0,0,FALSE
333,POP_Juv,GoA,Fish,Pelagic,Planktivore,20,Small,Sebastes,0,0,0,FALSE
334,Porpoises,GoA,Mammal,Pelagic,Piscivore,,,Toothed Whale,0,0,0,FALSE
335,Pteropods,GoA,Zooplankton,Pelagic,Planktivore,,,Pelagic Zooplankton,0,0,0,FALSE
336,Puffins,GoA,Bird,Pelagic,Piscivore,,,Bird,0,0,0,FALSE
337,Resident killers,GoA,Mammal,Pelagic,Piscivore,,,Toothed Whale,0,0,0,FALSE
338,Resident seals,GoA,Mammal,Pelagic,Piscivore,,,Pinniped,0,0,0,FALSE
339,Rex sole,GoA,Fish,Demersal,Benthivore,61,Medium,Pleuronectid,1982,2009,28,TRUE
340,Right whale,GoA,Mammal,Pelagic,Planktivore,,,Baleen Whale,0,0,0,FALSE
341,Robust clubhook squid,GoA,Invertebrate,Pelagic,Planktivore,,,Cephalopod,0,0,0,FALSE
342,Rougheye rockfish,GoA,Fish,Demersal,Zoopivore,97,Medium,Sebastes,1977,2009,33,TRUE
343,Sablefish,GoA,Fish,Pelagic,Zoopivore,114,Large,Sablefish,1960,2009,50,TRUE
344,Sablefish_Juv,GoA,Fish,Pelagic,Planktivore,20,Small,Sablefish,0,0,0,FALSE
345,Salmon outgoing,GoA,Fish,Pelagic,Planktivore,20,Small,Forage fish,0,0,0,FALSE
346,Salmon shark,GoA,Fish,Pelagic,Piscivore,305,Large,Elasmobranch,1984,2007,8,FALSE
347,Sculpins other (NS),GoA,Fish,Demersal,Benthivore,48,Small,Scorpaenid,1984,2009,11,FALSE
348,Scyphozoid jellies (NS),GoA,Invertebrate,Pelagic,Planktivore,,,Pelagic Zooplankton,0,0,0,FALSE
349,Sea Otters,GoA,Mammal,Demersal,Benthivore,,,Pinniped,0,0,0,FALSE
350,Sea pens (NS),GoA,Invertebrate,Demersal,Detritivore,,,Invertebrate,0,0,0,FALSE
351,Sea stars (NS),GoA,Invertebrate,Demersal,Benthivore,,,Invertebrate,0,0,0,FALSE
352,Sebastes other (NS),GoA,Fish,Demersal,Zoopivore,91,Medium,Sebastes,1984,2009,11,FALSE
353,Sei whale,GoA,Mammal,Pelagic,Planktivore,,,Baleen Whale,0,0,0,FALSE
354,Sharpchin rockfish,GoA,Fish,Demersal,Planktivore,45,Small,Sebastes,1984,2009,11,FALSE
355,Shearwater,GoA,Bird,Pelagic,Piscivore,,,Bird,0,0,0,FALSE
356,Shortraker rockfish,GoA,Fish,Demersal,Zoopivore,120,Large,Sebastes,1984,2009,11,FALSE
357,Shortspine Thorns_Juv,GoA,Fish,Demersal,Benthivore,20,Small,Sebastes,0,0,0,FALSE
358,Shortspine thornyhead,GoA,Fish,Demersal,Benthivore,80,Medium,Sebastes,1984,2009,11,FALSE
359,Shrimps (NS),GoA,Invertebrate,Demersal,Benthivore,,,Invertebrate,0,0,0,FALSE
360,Skates (NS),GoA,Fish,Demersal,Benthivore,150,Large,Elasmobranch,1984,2009,11,FALSE
361,Sleeper shark,GoA,Fish,Demersal,Piscivore,600,Large,Elasmobranch,1984,2009,11,FALSE
362,Sm Phytoplankton,GoA,Other,Pelagic,Other,,,Primary Producers,0,0,0,FALSE
363,Snails (NS),GoA,Invertebrate,Demersal,Benthivore,,,Invertebrate,0,0,0,FALSE
364,Southern rock sole,GoA,Fish,Demersal,Benthivore,58,Medium,Pleuronectid,1996,2009,7,FALSE
365,Sperm and Beaked Whales,GoA,Mammal,Pelagic,Piscivore,,,Toothed Whale,0,0,0,FALSE
366,Sperm whale,GoA,Mammal,Pelagic,Piscivore,,,Toothed Whale,0,0,0,FALSE
367,Sponges (NS),GoA,Invertebrate,Demersal,Detritivore,,,Invertebrate,0,0,0,FALSE
368,Squids (NS),GoA,Invertebrate,Pelagic,Planktivore,,,Cephalopod,1984,2009,11,FALSE
369,Steller sea lion,GoA,Mammal,Pelagic,Piscivore,,,Pinniped,0,0,0,FALSE
370,Steller Sea Lion_Juv,GoA,Mammal,Pelagic,Piscivore,,,Pinniped,0,0,0,FALSE
371,Storm Petrels,GoA,Bird,Pelagic,Piscivore,,,Bird,0,0,0,FALSE
372,Tanner crab,GoA,Invertebrate,Demersal,Benthivore,,,Invertebrate,0,0,0,FALSE
373,Transient killers,GoA,Mammal,Pelagic,Piscivore,,,Toothed Whale,0,0,0,FALSE
374,Urochordata (NS),GoA,Invertebrate,Demersal,Detritivore,,,Invertebrate,0,0,0,FALSE
375,W. Pollock_Juv,GoA,Fish,Pelagic,Planktivore,20,Small,Gadoid,0,0,0,FALSE
376,Walleye pollock,GoA,Fish,Pelagic,Planktivore,91,Medium,Gadoid,1961,2009,49,TRUE
377,Worms (NS),GoA,Invertebrate,Demersal,Detritivore,,,Invertebrate,0,0,0,FALSE
378,Yellowfin sole,GoA,Fish,Demersal,Benthivore,49,Small,Pleuronectid,1984,2009,11,FALSE
379,American plaice,GoM,Fish,Demersal,Benthivore,92,Medium,Pleuronectid,1963,2009,47,TRUE
380,Atlantic butterfish,GoM,Fish,Pelagic,Planktivore,34,Small,Forage fish,1963,2009,47,TRUE
381,Atlantic cod,GoM,Fish,Demersal,Piscivore,150,Large,Gadoid,1963,2007,45,TRUE
382,Atlantic halibut,GoM,Fish,Demersal,Piscivore,170,Large,Pleuronectid,1963,2009,47,TRUE
383,Atlantic herring,GoM,Fish,Pelagic,Planktivore,46,Small,Clupeid,1967,2008,42,TRUE
384,Atlantic mackerel,GoM,Fish,Pelagic,Planktivore,51,Small,Scombrid,1963,2009,47,TRUE
385,Atlantic redfishes (NS),GoM,Fish,Pelagic,Zoopivore,52,Small,Sebastes,1963,2009,47,TRUE
386,Atlantic wolffish,GoM,Fish,Demersal,Benthivore,137,Large,Percoid,1963,2009,47,TRUE
387,Fourspot flounder,GoM,Fish,Demersal,Piscivore,49,Small,Pleuronectid,1963,2009,39,FALSE
388,Goosefish,GoM,Fish,Demersal,Piscivore,138,Large,Scorpaenid,1963,2009,47,TRUE
389,Haddock,GoM,Fish,Demersal,Benthivore,104,Large,Gadoid,1963,2007,45,TRUE
390,Longfin squid,GoM,Invertebrate,Pelagic,Zoopivore,49,,Cephalopod,1964,2009,46,TRUE
391,Northern sand lance,GoM,Fish,Demersal,Planktivore,50,Small,Forage fish,1965,2009,45,TRUE
392,Ocean pout,GoM,Fish,Demersal,Benthivore,100,Medium,Percoid,1963,2009,47,TRUE
393,Pollock,GoM,Fish,Pelagic,Zoopivore,160,Large,Gadoid,1963,2007,45,TRUE
394,Red hake,GoM,Fish,Demersal,Benthivore,76,Medium,Gadoid,1963,2009,47,TRUE
395,Scup,GoM,Fish,Demersal,Benthivore,44,Small,Other,1963,2009,39,FALSE
396,Shortfin squid,GoM,Invertebrate,Pelagic,Zoopivore,39,,Cephalopod,1963,2009,47,TRUE
397,Silver hake,GoM,Fish,Pelagic,Zoopivore,78,Medium,Gadoid,1963,2007,45,TRUE
398,Skates (NS),GoM,Fish,Demersal,Benthivore,,Large,Elasmobranch,1963,2009,47,TRUE
399,Spiny dogfish,GoM,Fish,Pelagic,Zoopivore,122,Large,Elasmobranch,1963,2009,47,TRUE
400,Summer flounder,GoM,Fish,Demersal,Piscivore,82,Medium,Pleuronectid,1978,2009,32,TRUE
401,White hake,GoM,Fish,Demersal,Piscivore,136,Large,Gadoid,1963,2009,47,TRUE
402,Windowpane,GoM,Fish,Demersal,Benthivore,57,Medium,Pleuronectid,1963,2007,45,TRUE
403,Winter flounder,GoM,Fish,Demersal,Benthivore,74,Medium,Pleuronectid,1963,2007,45,TRUE
404,Witch flounder,GoM,Fish,Demersal,Benthivore,69,Medium,Pleuronectid,1963,2009,47,TRUE
405,Yellowtail flounder,GoM,Fish,Demersal,Benthivore,61,Medium,Pleuronectid,1963,2007,45,TRUE
406,Zooplankton,GoM,Zooplankton,Pelagic,Planktivore,,,Zooplankton,1977,2007,31,TRUE
407,Arrowtooth flounder,HS,Fish,Demersal,Piscivore,86,Medium,Pleuronectid,1984,2009,26,TRUE
408,Bocaccio,HS,Fish,Demersal,Piscivore,81,Medium,Sebastes,1984,2009,26,TRUE
409,Butter sole,HS,Fish,Demersal,Piscivore,55,Medium,Pleuronectid,1984,2009,26,TRUE
410,Canary rockfish,HS,Fish,Demersal,Planktivore,76,Medium,Sebastes,0,0,0,FALSE
411,Copper rockfish,HS,Fish,Demersal,Benthivore,58,Medium,Sebastes,0,0,0,FALSE
412,Curlfin sole,HS,Fish,Demersal,Benthivore,36,Small,Pleuronectid,1984,2009,26,TRUE
413,Dover sole,HS,Fish,Demersal,Benthivore,76,Medium,Pleuronectid,1984,2009,26,TRUE
414,English sole,HS,Fish,Demersal,Benthivore,36,Small,Pleuronectid,1984,2009,26,TRUE
415,Eulachon,HS,Fish,Pelagic,Planktivore,25.4,Small,Forage fish,1984,2009,26,TRUE
416,Flathead sole,HS,Fish,Demersal,Benthivore,56,Medium,Pleuronectid,1984,2009,26,TRUE
417,Harbour seal,HS,Mammal,Pelagic,Piscivore,,,Pinniped,1984,2002,19,TRUE
418,Lingcod,HS,Fish,Demersal,Piscivore,152,Large,Other,1984,2009,26,TRUE
419,Pacific cod,HS,Fish,Demersal,Benthivore,120,Large,Gadoid,1984,2009,26,TRUE
420,Pacific hake,HS,,Pelagic,Zoopivore,91,Medium,Gadoid,0,0,0,FALSE
421,Pacific halibut,HS,Fish,Demersal,Piscivore,267,Large,Pleuronectid,1984,2009,26,TRUE
422,Pacific herring,HS,Fish,Pelagic,Planktivore,46,Small,Clupeid,1951,2010,60,TRUE
423,Pacific ocean perch,HS,,Demersal,Planktivore,53,Small,Sebastes,0,0,0,FALSE
424,Pacific sanddab,HS,Fish,Demersal,Planktivore,41,Small,Pleuronectid,1984,2009,26,TRUE
425,Petrale sole,HS,Fish,Demersal,Piscivore,70,Medium,Pleuronectid,1984,2009,26,TRUE
426,Quillback rockfish,HS,Fish,Demersal,Zoopivore,61,Medium,Sebastes,1984,2009,26,TRUE
427,Redbanded rockfish,HS,,Demersal,Benthivore,64,Medium,Sebastes,0,0,0,FALSE
428,Redstripe rockfish,HS,,Demersal,Planktivore,61,Medium,Sebastes,0,0,0,FALSE
429,Resident killers,HS,Mammal,Pelagic,Piscivore,,,Toothed Whale,1984,2002,19,TRUE
430,Rex sole,HS,Fish,Demersal,Benthivore,61,Medium,Pleuronectid,1984,2009,26,TRUE
431,Sablefish,HS,Fish,Pelagic,Zoopivore,114,Large,Sablefish,1984,2009,26,TRUE
432,Sand Sole,HS,Fish,Demersal,Piscivore,63,Medium,Pleuronectid,0,0,0,FALSE
433,Sharpchin rockfish,HS,,Demersal,Planktivore,39,Small,Sebastes,0,0,0,FALSE
434,Shortspine thornyhead,HS,,Demersal,Benthivore,80,Medium,Sebastes,0,0,0,FALSE
435,Silvergray rockfish,HS,Fish,Demersal,Piscivore,71,Medium,Sebastes,1984,2009,26,TRUE
436,Skates (NS),HS,Fish,Demersal,Benthivore,137,Large,Elasmobranch,1984,2009,26,TRUE
437,Slender sole,HS,Fish,Demersal,Benthivore,35,Small,Pleuronectid,1984,2009,26,TRUE
438,Southern rock sole,HS,Fish,Demersal,Piscivore,58,Medium,Pleuronectid,1984,2009,26,TRUE
439,Spiny dogfish,HS,Fish,Pelagic,Piscivore,160,Large,Elasmobranch,1984,2009,26,TRUE
440,Spotted ratfish,HS,Fish,Demersal,Benthivore,20,Small,Chimaerid,1984,2009,26,TRUE
441,Steller sea lion,HS,Mammal,Pelagic,Piscivore,,,Pinniped,1987,2002,5,FALSE
442,Walleye pollock,HS,Fish,Pelagic,Planktivore,91,Medium,Gadoid,1984,2009,26,TRUE
443,Yelloweye rockfish,HS,,Demersal,Benthivore,104,Large,Sebastes,0,0,0,FALSE
444,Yellowtail rockfish,HS,Fish,Demersal,Planktivore,66,Medium,Sebastes,1984,2009,26,TRUE
445,Aesop shrimp,NL,Invertebrate,Demersal,Detritivore,,,Invertebrate,1995,2009,15,TRUE
446,American plaice,NL,Fish,Demersal,Benthivore,82.6,Medium,Pleuronectid,1981,2009,29,TRUE
447,Arctic cod,NL,Fish,Pelagic,Zoopivore,40,Small,Gadoid,1981,2009,29,TRUE
448,Arctic eelpout,NL,Fish,Demersal,Benthivore,75,Medium,Percoid,1981,2009,29,TRUE
449,Atlantic cod,NL,Fish,Demersal,Piscivore,200,Large,Gadoid,1981,2009,29,TRUE
450,Atlantic halibut,NL,Fish,Demersal,Piscivore,470,Large,Pleuronectid,1981,2009,24,FALSE
451,Atlantic herring,NL,Fish,Pelagic,Planktivore,45,Small,Clupeid,1982,2009,20,FALSE
452,Atlantic wolffish,NL,Fish,Demersal,Benthivore,152,Large,Percoid,1981,2009,29,TRUE
453,Beaked redfish,NL,Fish,Demersal,Zoopivore,58,Medium,Sebastes,1981,2009,29,TRUE
454,Blue antimora,NL,Fish,,,,,,0,0,0,FALSE
455,Blue hake,NL,Fish,Demersal,Benthivore,75,Medium,Gadoid,1981,2009,29,TRUE
456,Broadhead wolffish,NL,Fish,Demersal,Benthivore,180,Large,Percoid,1981,2009,29,TRUE
457,Calanus,NL,Invertebrate,Pelagic,Other,,,Invertebrate,1962,2006,30,FALSE
458,Capelin,NL,Fish,Pelagic,Planktivore,25.2,Small,Forage fish,1981,2009,29,TRUE
459,Common alligatorfish,NL,Fish,Demersal,Benthivore,18,Small,Scorpaenid,1981,2009,29,TRUE
460,Common grenadier,NL,Fish,Demersal,Benthivore,40,Small,Gadoid,1981,2009,29,TRUE
461,Daubed shanny,NL,Fish,Demersal,Benthivore,20,Small,Percoid,1982,2009,18,FALSE
462,Eelpouts (NS),NL,Fish,Demersal,Benthivore,75,Medium,Percoid,1981,2009,24,FALSE
463,Euphausiacea and Hyperiidea,NL,Zooplankton,Pelagic,Other,,,Invertebrate,1962,2006,30,FALSE
464,Fourline snakeblenny,NL,Fish,Demersal,Benthivore,22,Small,Percoid,1981,2009,26,FALSE
465,Golden redfish,NL,Fish,Demersal,Zoopivore,100,Medium,Sebastes,1981,2009,29,TRUE
466,Greenland halibut,NL,Fish,Demersal,Piscivore,120,Large,Pleuronectid,1981,2009,29,TRUE
467,Haddock,NL,Fish,Demersal,Benthivore,112,Large,Gadoid,1981,2008,15,FALSE
468,Harp seal,NL,Mammal,Other,Piscivore,,,Pinniped,1952,2009,58,TRUE
469,Hookear sculpins (NS),NL,Fish,Demersal,Benthivore,30,Small,Scorpaenid,1981,2009,29,TRUE
470,Longfin hake,NL,Fish,Demersal,Zoopivore,42,Small,Gadoid,1981,2009,25,FALSE
471,Longhorn sculpin,NL,Fish,Demersal,Benthivore,46,Small,Scorpaenid,1981,2009,28,FALSE
472,Longnose eel,NL,Fish,Demersal,Benthivore,100,Medium,Other,1981,2009,29,TRUE
473,Lumpfish,NL,Fish,Pelagic,Planktivore,61,Medium,Scorpaenid,1981,2009,29,TRUE
474,Lumpfishes (NS),NL,Fish,Pelagic,Planktivore,13.2,Small,Scorpaenid,1981,2009,29,TRUE
475,Mailed sculpins (NS),NL,Fish,Demersal,Benthivore,20,Small,Scorpaenid,1981,2009,29,TRUE
476,Northern alligatorfish,NL,Fish,Demersal,Benthivore,22.6,Small,Scorpaenid,1981,2009,29,TRUE
477,Northern prawn,NL,Invertebrate,Demersal,Detritivore,,,Invertebrate,1995,2009,15,TRUE
478,Northern sand lance,NL,Fish,Demersal,Planktivore,37.2,Small,Forage fish,0,0,0,FALSE
479,Northern wolffish,NL,Fish,,,,,,0,0,0,FALSE
480,Polar sculpin,NL,Fish,Demersal,Benthivore,30,Small,Scorpaenid,1981,2009,29,TRUE
481,Roughhead grenadier,NL,Fish,Demersal,Benthivore,110,Large,Gadoid,1981,2009,29,TRUE
482,Roundnose grenadier,NL,Fish,Demersal,Benthivore,110,Large,Gadoid,1981,2009,29,TRUE
483,Sandeels (NS),NL,Fish,,,,,,1981,2009,27,FALSE
484,Sea raven,NL,Fish,Demersal,Piscivore,64,Medium,Scorpaenid,1981,2009,28,FALSE
485,Shorthorn sculpin,NL,Fish,Demersal,Benthivore,90,Medium,Scorpaenid,1981,2009,29,TRUE
486,Small copepods,NL,Zooplankton,Pelagic,Other,,,Invertebrate,1962,2006,31,FALSE
487,Snails (NS),NL,Invertebrate,Demersal,Benthivore,20,,Scorpaenid,1981,2009,29,TRUE
488,Snake blenny,NL,Fish,Demersal,Benthivore,50,Small,Forage fish,1981,2009,25,FALSE
489,Snow crab,NL,Invertebrate,Demersal,Benthivore,,,Invertebrate,1995,2009,15,TRUE
490,Spatulate sculpin,NL,Fish,Demersal,Benthivore,21,Small,Scorpaenid,1982,2009,20,FALSE
491,Spotted wolffish,NL,Fish,Demersal,Benthivore,180,Large,Percoid,1981,2009,29,TRUE
492,Thorny skate,NL,Fish,Demersal,Benthivore,105,Large,Elasmobranch,1981,2009,29,TRUE
493,Threebeard rockling (NS),NL,Fish,Demersal,Benthivore,42,Small,Forage fish,1981,2009,29,TRUE
494,Vahl's eelpout,NL,Fish,Demersal,Benthivore,52,Small,Percoid,1981,2009,29,TRUE
495,White hake,NL,Fish,Demersal,Piscivore,135,Large,Gadoid,1981,2009,14,FALSE
496,Witch flounder,NL,Fish,Demersal,Benthivore,78.1,Medium,Pleuronectid,1981,2009,29,TRUE
497,Yellowtail flounder,NL,Fish,Demersal,Benthivore,64,Medium,Pleuronectid,1981,2009,29,TRUE
498,Atlantic cod,NORT,Fish,Demersal,Piscivore,132,Large,Gadoid,1963,2007,45,TRUE
499,Atlantic herring,NORT,Fish,Pelagic,Planktivore,30,Small,Clupeid,1963,2007,45,TRUE
500,Common sole,NORT,Fish,Demersal,Benthivore,39,Small,Pleuronectid,1963,2007,45,TRUE
501,European plaice,NORT,Fish,Demersal,Benthivore,70,Medium,Pleuronectid,1963,2007,45,TRUE
502,Haddock,NORT,Fish,Demersal,Benthivore,64,Medium,Gadoid,1963,2007,45,TRUE
503,Lesser sandeel,NORT,Fish,Demersal,Planktivore,22,Small,Forage fish,1963,2007,45,TRUE
504,Norway pout,NORT,Fish,Demersal,Planktivore,23,Small,Gadoid,1963,2007,45,TRUE
505,Pollock,NORT,Fish,Demersal,Piscivore,107,Large,Gadoid,1963,2007,45,TRUE
506,Whiting,NORT,Fish,Demersal,Piscivore,40,Small,Gadoid,1963,2007,45,TRUE
507,Atlantic herring,NS,Fish,Pelagic,Planktivore,40,Small,Clupeid,1950,2009,60,TRUE
508,Atlantic mackerel,NS,Fish,Pelagic,Planktivore,65,Medium,Scombrid,1972,2009,38,TRUE
509,Blue whiting,NS,Fish,Pelagic,Planktivore,50,Small,Forage fish,1981,2009,29,TRUE
510,Alewife,sGoSL,Fish,Pelagic,Planktivore,50,Small,Clupeid,1971,2009,39,TRUE
511,American lobster,sGoSL,Invertebrate,Demersal,Benthivore,17,,Invertebrate,1980,2009,30,TRUE
512,American plaice,sGoSL,Fish,Demersal,Benthivore,80,Medium,Pleuronectid,1971,2009,39,TRUE
513,Anadromous other (NS),sGoSL,Fish,Other,,,Medium,,0,0,0,FALSE
514,Atlantic cod,sGoSL,Fish,Demersal,Piscivore,148,Large,Gadoid,1971,2009,39,TRUE
515,Atlantic halibut,sGoSL,Fish,Demersal,Piscivore,213,Large,Pleuronectid,1980,2009,25,FALSE
516,Atlantic herring,sGoSL,Fish,Pelagic,Planktivore,49,Small,Clupeid,1971,2009,39,TRUE
517,Atlantic redfishes (NS),sGoSL,Fish,Pelagic,Zoopivore,56,Medium,Sebastes,1971,2009,39,TRUE
518,Atlantic rock crab,sGoSL,Invertebrate,Demersal,Benthivore,13,,Invertebrate,0,0,0,FALSE
519,Atlantic wolffish,sGoSL,Fish,Demersal,Benthivore,106,Large,Percoid,1971,2009,37,FALSE
520,Capelin,sGoSL,Fish,Pelagic,Planktivore,26,Small,Forage fish,1971,2009,38,FALSE
521,Cunner,sGoSL,Fish,Demersal,Benthivore,40,Small,Percoid,1972,2009,34,FALSE
522,Eelpouts (NS),sGoSL,Fish,Demersal,Benthivore,86,Medium,Percoid,1971,2009,39,TRUE
523,Greenland cod,sGoSL,Fish,Demersal,Benthivore,73,Medium,Gadoid,1971,2009,38,FALSE
524,Greenland halibut,sGoSL,Fish,Demersal,Zoopivore,87,Medium,Pleuronectid,1971,2009,39,TRUE
525,Grey seal,sGoSL,Mammal,Other,Piscivore,200,,Pinniped,1971,2009,39,TRUE
526,Groundfish other (NS),sGoSL,Fish,Demersal,,,Medium,,0,0,0,FALSE
527,Haddock,sGoSL,Fish,Demersal,Benthivore,79,Medium,Gadoid,1971,2009,37,FALSE
528,Longfin hake,sGoSL,Fish,Demersal,Zoopivore,70,Medium,Gadoid,1971,2009,37,FALSE
529,Longhorn sculpin,sGoSL,Fish,Demersal,Omnivore,44,Small,Scorpaenid,1971,2009,39,TRUE
530,Marlin-spike grenadier,sGoSL,Fish,Demersal,Omnivore,56,Medium,Gadoid,1971,2009,39,TRUE
531,Pelagic sharks,sGoSL,Fish,Pelagic,Piscivore,,Large,,0,0,0,FALSE
532,Perciformes,sGoSL,Fish,Demersal,Benthivore,15,Small,Percoid,1971,2009,38,FALSE
533,Rainbow smelt,sGoSL,Fish,Pelagic,Planktivore,27,Small,Forage fish,1971,2009,39,TRUE
534,Scorpaeniformes,sGoSL,Fish,Demersal,Benthivore,20,Small,Scorpaenid,1971,2009,39,TRUE
535,Sea raven,sGoSL,Fish,Demersal,Piscivore,53,Small,Scorpaenid,1971,2009,39,TRUE
536,Shortfin squid,sGoSL,Invertebrate,Pelagic,Zoopivore,47,,Cephalopod,1971,2009,39,TRUE
537,Shorthorn sculpin,sGoSL,Fish,Demersal,Benthivore,49,Small,Scorpaenid,1971,2009,35,FALSE
538,Shrimps (NS),sGoSL,Invertebrate,Demersal,Detritivore,2,,Invertebrate,1980,2009,29,FALSE
539,Small pelagics (NS),sGoSL,Fish,Pelagic,Planktivore,,Small,,0,0,0,FALSE
540,Smooth skate,sGoSL,Fish,Demersal,Benthivore,81,Medium,Elasmobranch,1971,2009,38,FALSE
541,Snow crab,sGoSL,Invertebrate,Demersal,Benthivore,13,,Invertebrate,1980,2009,30,TRUE
542,Spiny dogfish,sGoSL,Fish,Pelagic,Piscivore,106,Large,Elasmobranch,1984,2009,23,FALSE
543,Thorny skate,sGoSL,Fish,Demersal,Benthivore,88,Medium,Elasmobranch,1971,2009,39,TRUE
544,Threespine stickleback,sGoSL,Fish,Demersal,Planktivore,9,Small,Forage fish,1972,2009,29,FALSE
545,Toad crabs (NS),sGoSL,Invertebrate,Demersal,Benthivore,11,,Invertebrate,1980,2009,30,TRUE
546,White hake,sGoSL,Fish,Demersal,Piscivore,115,Large,Gadoid,1971,2009,39,TRUE
547,Windowpane,sGoSL,Fish,Demersal,Benthivore,35,Small,Pleuronectid,1974,2009,34,FALSE
548,Winter flounder,sGoSL,Fish,Demersal,Benthivore,49,Small,Pleuronectid,1971,2009,39,TRUE
549,Winter skate,sGoSL,Fish,Demersal,Benthivore,98,Medium,Elasmobranch,1971,2009,39,TRUE
550,Witch flounder,sGoSL,Fish,Demersal,Benthivore,64,Medium,Pleuronectid,1971,2009,39,TRUE
551,Yellowtail flounder,sGoSL,Fish,Demersal,Benthivore,47,Small,Pleuronectid,1971,2009,39,TRUE
552,Zooplankton (>1000 microns),sGoSL,Zooplankton,Pelagic,Planktivore,0.01,,Zooplankton,1982,2005,22,FALSE
553,Zooplankton (333-1000 microns),sGoSL,Zooplankton,Pelagic,Planktivore,0.001,,Zooplankton,1982,2005,22,FALSE
554,Alewife,WSS,Fish,Pelagic,Planktivore,40,Small,Clupeid,1970,2009,40,TRUE
555,American lobster,WSS,Invertebrate,Demersal,Benthivore,,,Invertebrate,1971,2009,37,FALSE
556,American plaice,WSS,Fish,Demersal,Benthivore,82.6,Medium,Pleuronectid,1970,2009,40,TRUE
557,Atlantic argentine,WSS,Fish,Pelagic,Planktivore,70,Medium,Forage fish,1970,2009,40,TRUE
558,Atlantic butterfish,WSS,Fish,Pelagic,Planktivore,30,Small,Forage fish,1979,2009,26,FALSE
559,Atlantic cod,WSS,Fish,Demersal,Piscivore,200,Large,Gadoid,1970,2009,40,TRUE
560,Atlantic hagfish,WSS,Fish,,,,,,1970,2009,26,FALSE
561,Atlantic halibut,WSS,Fish,Demersal,Piscivore,470,Large,Pleuronectid,1970,2009,40,TRUE
562,Atlantic herring,WSS,Fish,Pelagic,Planktivore,45,Small,Clupeid,1970,2008,39,TRUE
563,Atlantic mackerel,WSS,Fish,Pelagic,Planktivore,60,Medium,Scombrid,1970,2009,32,FALSE
564,Atlantic redfishes (NS),WSS,Fish,Pelagic,Zoopivore,100,Medium,Sebastes,1970,2009,40,TRUE
565,Atlantic tomcod,WSS,Fish,Demersal,Benthivore,38,Small,Gadoid,1974,2009,6,FALSE
566,Barndoor skate,WSS,Fish,Demersal,Benthivore,152,Large,Elasmobranch,1970,2009,25,FALSE
567,Crabs other (NS),WSS,,,,,,,0,0,0,FALSE
568,Cusk,WSS,Fish,Demersal,Benthivore,120,Large,Gadoid,1970,2009,40,TRUE
569,Deepsea red crab,WSS,Invertebrate,Demersal,Benthivore,,,Invertebrate,1999,2006,6,FALSE
570,Flatfishes (NS),WSS,,,,,,,0,0,0,FALSE
571,Fourspot flounder,WSS,Fish,Demersal,Piscivore,41,Small,Pleuronectid,1983,2009,13,FALSE
572,Goosefish,WSS,Fish,Demersal,Piscivore,120,Large,Scorpaenid,1970,2009,40,TRUE
573,Greenland halibut,WSS,Fish,Demersal,Zoopivore,120,Large,Pleuronectid,1971,2009,17,FALSE
574,Grey seal,WSS,Mammal,Other,Piscivore,,,Pinniped,1970,2007,38,TRUE
575,Groundfish unidentified (NS),WSS,,,,,,,0,0,0,FALSE
576,Haddock,WSS,Fish,Demersal,Benthivore,112,Large,Gadoid,1970,2009,40,TRUE
577,Jonah crab,WSS,Invertebrate,Demersal,Benthivore,,,Invertebrate,1982,2009,16,FALSE
578,Large pelagics (NS),WSS,,,,,,,0,0,0,FALSE
579,Longhorn sculpin,WSS,Fish,Demersal,Omnivore,46,Small,Scorpaenid,1970,2009,40,TRUE
580,Lumpfish,WSS,Fish,Pelagic,Planktivore,61,Medium,Scorpaenid,1970,2009,39,FALSE
581,Northern sand lance,WSS,Fish,Demersal,Planktivore,37.2,Small,Forage fish,1979,2009,15,FALSE
582,Ocean pout,WSS,Fish,Demersal,Benthivore,110,Large,Percoid,1970,2009,40,TRUE
583,Offshore hake,WSS,Fish,Demersal,Zoopivore,70,Medium,Gadoid,1975,2009,25,FALSE
584,Pandalid shrimps (NS),WSS,Invertebrate,Demersal,Detritivore,,,Invertebrate,1971,2009,18,FALSE
585,Periwinkle,WSS,Invertebrate,Demersal,Detritivore,,,Invertebrate,2000,2009,5,FALSE
586,Pollock,WSS,Fish,Pelagic,Zoopivore,130,Large,Gadoid,1970,2009,40,TRUE
587,Red hake,WSS,Fish,Demersal,Benthivore,66,Medium,Gadoid,1973,2009,34,FALSE
588,Rock crab,WSS,Invertebrate,Demersal,Benthivore,,,Invertebrate,1981,2009,14,FALSE
589,Sea cucumber,WSS,,,,,,,0,0,0,FALSE
590,Sea raven,WSS,Fish,Demersal,Piscivore,64,Medium,Scorpaenid,1970,2009,40,TRUE
591,Sea scallop,WSS,Invertebrate,Demersal,Planktivore,,,Invertebrate,1987,2009,14,FALSE
592,Sea urchin,WSS,Invertebrate,Demersal,Detritivore,,,Invertebrate,0,0,0,FALSE
593,Shad,WSS,Fish,Pelagic,Planktivore,76,Medium,Clupeid,1970,2009,39,FALSE
594,Sharks (NS),WSS,,,,,,,0,0,0,FALSE
595,Silver hake,WSS,Fish,Pelagic,Zoopivore,76,Medium,Gadoid,1970,2009,40,TRUE
596,Skates (NS),WSS,Fish,Demersal,Benthivore,,Large,Elasmobranch,1970,2009,40,TRUE
597,Small pelagics (NS),WSS,,,,,,,0,0,0,FALSE
598,Snow crab,WSS,Invertebrate,Demersal,Benthivore,,,Invertebrate,1999,2009,10,FALSE
599,Spiny dogfish,WSS,Fish,Pelagic,Piscivore,160,Large,Elasmobranch,1970,2009,40,TRUE
600,Squids (NS),WSS,Invertebrate,Pelagic,Zoopivore,,,Cephalopod,1970,2009,40,TRUE
601,Stone crab,WSS,Invertebrate,Demersal,Benthivore,,,Invertebrate,1982,2009,12,FALSE
602,White hake,WSS,Fish,Demersal,Piscivore,135,Large,Gadoid,1970,2009,40,TRUE
603,Windowpane,WSS,Fish,Demersal,Benthivore,35,Small,Pleuronectid,1980,2009,14,FALSE
604,Winter flounder,WSS,Fish,Demersal,Benthivore,64,Medium,Pleuronectid,1970,2009,40,TRUE
605,Witch flounder,WSS,Fish,Demersal,Benthivore,78.1,Medium,Pleuronectid,1970,2009,40,TRUE
606,Wolffishes (NS),WSS,Fish,Demersal,Benthivore,170,Large,Percoid,1970,2009,40,TRUE
607,Yellowtail flounder,WSS,Fish,Demersal,Benthivore,64,Medium,Pleuronectid,1970,2009,40,TRUE
